,addExpiresOrCacheControlHeaders,compressHttp,domainsNumber,dontResizeImageInBrowser,emptySrcTag,externalizeCss,externalizeJs,httpError,httpRequests,jsValidate,maxCookiesLength,minifiedJs,noRedirect,plugins,printStyleSheet,socialNetworkButton,styleSheets,useETags,useStandardTypefaces,viewport,serverResponseTime,mainthreadWorkBreakdown,bootupTime,fontDisplay,thirdPartySummary,thirdPartyFacades,lcpLazyLoaded,longTasks,nonCompositedAnimations,domSize,usesLongCacheTtl,usesResponsiveImages,offscreenImages,unusedCssRules,unusedJavascript,usesOptimizedImages,modernImageFormats,usesTextCompression,usesHttp2,efficientAnimatedContent,legacyJavascript,totalByteWeight,noDocumentWrite,layoutShiftElements,usesPassiveEventListeners
0,0,75,0,100,100,75,100,100,65,0,100,0,75,100,0,100,75,0,0,100,100,80,89,100,100,0,0,0,0,100,7,100,100,88,34,100,100,100,100,100,100,100,100,0,100
1,50,75,0,20,100,0,0,100,20,0,100,35,0,100,0,100,0,0,0,100,100,8,32,0,0,0,100,0,0,57,40,78,82,49,36,100,44,100,100,100,100,100,100,0,0
2,0,35,0,35,100,50,0,100,20,0,100,0,0,100,0,100,35,0,0,0,100,100,100,100,0,0,0,0,0,100,64,100,100,100,100,100,79,100,100,100,100,100,100,0,100
3,0,0,100,100,100,75,100,100,100,100,100,0,75,100,0,100,100,100,100,100,0,13,36,0,0,0,0,0,0,100,34,100,100,88,40,100,88,50,100,70,100,100,0,0,100
4,75,75,0,20,100,75,0,100,35,0,100,100,0,100,100,100,75,0,100,0,0,0,0,0,0,0,0,0,0,0,0,0,0,0,0,0,0,0,0,0,0,0,0,0,0
5,50,75,0,0,100,0,0,100,20,0,100,0,75,100,0,100,0,0,0,0,0,0,0,0,0,0,0,0,0,0,0,0,0,0,0,0,0,0,0,0,0,0,0,0,0
6,75,75,0,0,100,0,0,50,35,0,100,0,35,100,0,100,65,0,100,100,100,50,80,100,0,0,0,0,0,86,27,100,45,93,42,100,100,100,100,100,100,100,100,0,100
7,0,75,20,100,100,100,0,100,75,0,100,0,35,100,0,100,100,0,0,0,0,0,0,0,0,0,0,0,0,0,0,0,0,0,0,0,0,0,0,0,0,0,0,0,0
8,100,75,65,0,100,0,0,100,35,0,100,0,75,100,0,100,0,75,0,100,100,50,73,0,0,0,0,0,0,100,42,87,56,85,35,100,46,100,100,100,100,100,100,0,100
9,100,75,35,100,100,75,20,100,100,0,100,100,75,100,0,100,100,75,100,100,100,100,100,100,100,0,0,0,0,100,100,100,100,100,58,100,100,100,100,100,100,100,100,0,100
10,100,75,75,100,100,100,50,100,100,0,100,100,100,100,0,100,100,100,100,0,0,0,0,0,0,0,0,0,0,0,0,0,0,0,0,0,0,0,0,0,0,0,0,0,0
11,75,75,0,20,100,0,0,100,35,0,100,0,0,100,0,100,0,0,0,100,100,100,98,100,100,0,0,0,0,100,100,100,100,100,45,100,100,100,100,100,100,100,100,0,100
12,20,75,0,0,100,50,0,50,0,50,100,100,0,100,0,100,0,0,0,100,100,13,36,100,100,0,100,0,0,53,18,65,100,100,34,100,100,87,100,100,87,98,0,0,100
13,75,75,0,35,100,0,0,100,20,0,100,0,0,100,0,100,0,0,0,0,0,0,0,0,0,0,0,0,0,0,0,0,0,0,0,0,0,0,0,0,0,0,0,0,0
14,0,50,0,0,100,0,0,50,20,0,100,0,75,100,0,100,20,0,0,100,100,75,91,100,100,0,0,0,0,100,98,100,100,48,50,100,88,100,100,100,88,100,100,0,100
15,20,75,50,0,100,75,0,100,35,0,100,0,35,100,0,100,75,100,0,100,100,100,98,100,100,0,0,0,0,100,100,100,100,100,43,100,100,100,100,100,100,100,100,0,100
16,75,75,35,100,100,75,0,100,75,0,100,0,35,100,0,100,65,0,100,0,100,97,100,100,100,0,100,0,0,96,0,59,100,100,89,75,0,100,36,100,100,93,100,0,100
17,75,75,0,0,0,0,0,100,20,0,100,0,0,100,0,100,0,50,0,100,100,13,48,0,0,0,100,0,0,99,1,100,100,66,0,56,0,100,87,100,100,28,0,0,100
18,100,75,75,100,100,100,50,100,100,0,100,100,100,100,0,100,100,100,100,100,100,99,98,100,100,0,100,0,0,100,66,100,100,100,67,100,64,100,74,100,100,100,0,0,100
19,0,75,0,0,100,0,50,50,65,0,100,35,75,100,0,100,65,75,100,100,100,100,98,100,0,0,0,0,0,100,100,100,100,100,45,100,100,100,100,100,100,100,100,0,100
20,100,0,35,100,100,100,20,100,75,0,100,0,75,100,0,100,75,0,0,100,100,28,59,100,0,0,100,0,0,100,25,88,100,67,27,100,100,100,100,100,100,100,0,0,100
21,0,75,0,35,100,0,0,50,35,0,100,0,35,100,0,100,35,0,100,100,100,79,99,0,100,0,0,0,0,96,100,100,100,46,48,100,100,100,100,100,88,100,100,0,100
22,0,75,20,100,100,75,75,100,75,0,100,100,75,100,0,100,100,0,50,100,100,13,73,0,100,0,100,0,0,13,1,100,73,45,36,87,38,100,100,100,87,91,100,0,0
23,0,75,0,0,100,0,0,50,35,0,100,35,75,100,0,100,35,0,0,100,100,36,70,0,0,0,0,0,0,100,68,100,100,100,58,100,100,100,100,100,100,100,100,0,100
24,0,75,0,0,100,20,0,100,35,0,100,20,0,100,0,100,75,0,0,100,100,100,99,100,100,0,0,0,0,100,100,100,100,100,46,100,100,100,100,100,100,100,100,0,100
25,100,75,75,100,100,100,50,100,100,0,100,100,100,100,0,100,100,100,100,100,100,94,97,100,100,0,100,0,0,0,19,100,100,100,44,100,85,100,49,100,100,100,0,0,100
26,50,75,0,0,100,0,0,100,35,0,100,100,0,100,0,100,100,0,100,0,0,0,0,0,0,0,0,0,0,0,0,0,0,0,0,0,0,0,0,0,0,0,0,0,0
27,100,75,75,100,100,100,50,100,100,0,100,100,100,100,0,100,100,100,100,100,100,53,75,100,0,0,0,0,0,100,65,100,100,100,48,100,100,100,71,100,100,100,0,0,0
28,100,75,0,0,100,0,0,100,35,0,100,0,35,100,0,100,35,50,0,100,0,91,96,0,100,0,0,0,0,100,2,94,100,94,70,45,8,100,100,100,100,100,100,0,0
29,100,75,35,100,100,0,0,100,35,0,100,100,75,100,0,100,100,75,0,100,100,19,43,100,0,0,0,0,0,95,8,87,74,74,20,100,87,87,100,100,100,100,100,0,0
30,75,75,0,35,100,75,0,100,35,0,100,0,75,100,0,100,20,0,0,100,100,100,100,100,100,0,0,0,0,100,100,100,100,100,67,100,100,100,100,100,100,100,100,0,100
31,0,75,65,20,100,75,20,50,50,0,100,0,0,100,0,100,65,0,100,100,100,0,3,0,0,0,0,0,0,90,33,100,80,70,24,100,100,100,77,100,80,69,100,0,0
32,0,75,0,35,100,0,0,50,20,0,100,35,0,100,0,100,100,0,0,0,0,0,0,0,0,0,0,0,0,0,0,0,0,0,0,0,0,0,0,0,0,0,0,0,0
33,0,0,50,0,100,0,0,100,50,0,100,0,100,100,0,100,35,0,100,0,0,0,0,0,0,0,0,0,0,0,0,0,0,0,0,0,0,0,0,0,0,0,0,0,0
34,0,0,0,0,100,75,0,50,35,0,100,0,100,100,0,100,20,0,100,0,0,0,0,0,0,0,0,0,0,0,0,0,0,0,0,0,0,0,0,0,0,0,0,0,0
35,0,75,0,0,100,50,0,0,20,0,100,0,0,100,0,35,0,0,0,100,100,1,7,0,100,0,100,0,0,86,27,100,100,100,41,88,88,100,100,100,100,100,0,0,100
36,0,0,35,0,100,75,50,100,75,50,100,0,35,100,0,100,100,0,100,0,100,100,100,100,0,0,100,0,0,100,16,100,100,100,100,88,58,88,67,100,100,100,100,0,100
37,75,75,0,0,100,0,0,0,35,0,100,20,0,100,0,35,35,0,0,100,0,0,4,0,0,0,0,0,0,86,0,0,0,39,0,100,0,45,0,100,98,0,0,0,0
38,0,75,0,0,100,0,0,100,20,0,100,100,100,100,0,100,35,0,0,100,0,16,60,0,0,0,0,0,0,99,0,100,0,73,34,100,0,64,100,100,88,14,100,0,0
39,0,20,20,0,100,100,50,100,20,0,100,0,100,100,0,100,65,50,0,100,100,100,100,0,100,0,100,0,0,100,17,100,100,87,33,100,50,18,100,100,100,100,100,0,100
40,0,75,0,20,100,75,0,0,20,0,100,0,75,100,0,100,0,0,0,100,100,0,0,0,0,0,100,0,0,14,16,49,87,47,0,0,0,100,100,100,74,0,100,0,0
41,20,65,0,0,100,0,0,100,35,0,100,0,100,100,0,100,0,0,0,100,100,94,99,0,100,0,100,0,0,95,71,100,100,67,48,100,100,100,100,100,71,100,100,0,0
42,0,0,35,0,100,0,0,50,35,0,100,0,0,100,0,100,0,0,0,100,100,15,44,100,0,0,100,0,0,25,3,42,100,49,26,100,27,100,100,100,100,78,100,0,0
43,0,75,100,100,100,100,100,50,100,0,100,0,100,100,0,100,100,0,100,0,100,90,99,0,100,0,100,0,0,100,11,67,100,100,43,4,0,100,6,100,100,40,0,0,100
44,100,75,35,0,100,0,0,100,20,0,100,0,75,100,0,100,35,0,0,100,100,0,5,0,0,0,100,0,0,97,6,100,100,50,15,100,67,38,100,100,100,95,0,0,100
45,0,65,0,0,100,0,0,50,20,0,100,0,100,100,0,100,0,0,0,100,0,0,0,100,0,0,100,0,0,0,0,5,58,74,35,87,5,100,100,100,100,23,0,0,0
46,50,75,0,0,100,0,0,100,0,0,100,0,0,100,0,35,0,0,0,100,100,36,64,0,100,0,0,0,0,47,25,100,88,78,38,64,35,57,54,100,100,99,100,0,0
47,50,75,0,0,100,20,0,0,20,0,100,0,0,100,0,100,0,0,0,100,100,97,98,100,100,0,100,0,0,99,26,100,100,88,100,100,58,100,98,100,100,100,100,0,100
48,50,65,0,0,100,0,0,0,0,0,100,20,0,100,0,100,0,0,0,100,100,17,81,100,100,0,0,0,0,0,71,75,88,43,67,100,48,100,49,100,100,100,100,0,100
49,50,75,65,100,100,0,0,100,65,0,100,0,100,100,0,100,0,0,100,100,100,47,80,0,0,0,100,0,0,56,1,14,0,86,33,66,22,100,35,100,75,92,100,0,100
50,0,75,0,100,100,0,0,100,0,0,100,0,100,0,0,100,0,0,0,100,0,22,49,100,0,0,0,0,0,66,30,32,40,100,0,100,87,100,100,100,87,74,100,0,100
51,0,0,100,100,100,100,100,50,100,0,100,0,75,100,0,100,100,0,100,0,100,99,100,100,100,0,100,0,0,99,5,100,100,100,100,57,26,85,62,100,100,100,0,0,100
52,100,75,0,100,100,0,0,100,65,0,100,100,100,100,0,100,75,0,100,100,100,3,14,100,0,0,100,0,0,98,2,100,100,100,0,100,63,10,100,100,100,90,100,0,0
53,50,75,0,0,100,50,0,100,0,0,100,0,0,100,0,100,65,0,0,100,0,66,92,0,100,0,100,0,0,64,0,100,76,0,0,76,35,0,33,100,100,41,0,0,100
54,0,75,100,35,100,100,50,100,75,0,100,100,100,100,0,100,65,100,100,100,100,88,97,100,100,0,100,0,0,97,96,100,18,75,88,27,0,100,100,100,100,79,100,0,0
55,75,75,0,0,100,50,0,100,35,0,100,35,100,100,0,100,65,0,100,100,100,0,4,0,100,0,0,0,0,56,89,100,48,57,48,100,50,100,43,100,100,100,0,0,0
56,20,65,0,35,100,50,0,0,20,0,100,0,100,100,0,100,0,0,0,100,100,45,60,0,100,0,0,0,0,100,9,100,100,100,24,100,100,100,100,100,100,100,100,0,100
57,100,75,65,20,100,0,0,100,75,0,100,0,100,100,0,100,75,0,0,100,100,1,18,0,0,0,100,0,0,83,5,0,41,75,30,0,0,100,100,100,100,2,100,0,100
58,50,75,0,0,100,0,0,100,0,0,100,0,0,100,100,100,0,0,0,100,0,38,71,0,100,0,100,0,0,19,17,100,27,87,44,87,36,100,100,100,100,100,0,0,0
59,0,0,100,100,100,75,100,100,75,100,100,0,100,100,0,100,100,0,100,100,0,29,82,0,100,0,100,0,0,45,52,100,37,12,30,100,100,100,100,100,100,88,100,0,0
60,0,75,100,0,100,100,0,100,65,0,100,0,100,100,0,100,100,100,100,0,100,99,100,100,100,0,0,0,0,72,16,100,100,100,100,100,100,100,100,100,100,100,100,0,100
61,20,75,0,0,100,0,0,100,0,0,100,35,0,100,0,35,0,0,0,100,0,27,61,0,0,0,100,0,0,90,42,87,39,46,35,100,42,87,100,100,87,91,100,0,0
62,75,75,0,0,100,50,0,100,0,0,100,0,0,100,0,20,0,0,0,100,100,17,44,0,0,0,100,0,0,100,0,19,100,0,0,100,24,0,100,100,100,16,100,0,0
63,75,75,0,0,100,0,0,0,20,0,100,0,0,100,100,100,35,0,0,100,0,24,61,0,0,0,0,0,0,11,14,100,100,57,32,100,100,100,100,100,100,100,0,0,0
64,100,75,50,0,100,100,0,50,35,0,100,100,75,100,100,100,20,0,0,100,0,13,31,0,0,0,0,0,0,49,32,45,100,88,34,100,58,100,100,100,100,100,100,0,100
65,0,0,100,100,100,100,100,50,100,0,100,0,100,100,0,100,100,0,100,100,0,6,56,0,0,0,100,0,0,14,0,0,0,77,0,0,0,0,0,0,100,0,100,0,0
66,0,75,0,0,0,75,0,100,20,0,100,0,75,100,0,100,20,0,0,100,100,2,15,0,100,0,100,0,0,40,68,100,100,56,0,74,46,100,100,100,48,13,0,0,0
67,75,75,0,35,100,75,0,100,35,0,100,0,0,100,0,100,35,0,0,100,0,0,7,0,0,0,0,0,0,49,0,0,100,65,15,100,0,100,100,100,100,0,0,0,0
68,20,75,0,0,100,0,0,50,0,0,100,0,0,100,0,100,20,0,0,100,100,56,90,0,100,0,100,0,0,4,90,88,32,87,25,100,88,100,0,100,100,99,100,0,0
69,0,75,100,100,100,50,0,100,100,50,100,0,100,100,0,100,100,0,100,100,0,5,46,0,0,0,100,0,0,92,17,100,45,43,48,100,0,100,100,100,100,30,100,0,100
70,0,75,0,0,0,100,0,100,35,0,100,0,100,100,0,100,20,50,0,100,100,0,11,0,0,0,100,0,0,61,0,12,0,88,2,46,0,48,66,100,100,0,0,0,0
71,50,75,0,35,100,50,0,50,35,0,100,0,0,100,0,100,35,0,0,100,0,1,19,0,0,0,100,0,0,0,75,0,44,27,0,100,0,100,100,100,87,0,100,0,100
72,100,75,65,0,100,0,0,100,35,0,100,20,75,100,0,100,100,50,0,100,100,0,8,0,0,0,100,0,0,0,13,44,0,42,0,87,15,100,100,100,100,7,0,0,0
73,0,0,75,100,100,50,0,100,75,0,100,0,100,100,0,100,75,75,0,100,0,19,71,0,100,0,100,0,0,25,54,86,100,43,26,75,0,100,48,100,100,7,100,0,0
74,0,65,0,0,100,0,0,0,0,0,100,0,0,100,0,100,0,75,0,100,100,100,100,100,0,0,0,0,0,94,100,100,100,100,100,100,100,100,100,100,100,100,100,0,100
75,0,0,0,0,100,50,0,100,35,0,100,35,35,100,0,100,35,0,100,100,0,3,18,0,0,0,100,0,0,0,0,87,66,48,7,0,0,100,100,100,87,0,100,0,0
76,0,75,100,100,100,75,100,50,100,0,100,0,100,100,0,100,100,0,100,100,0,95,99,100,100,0,0,0,0,100,5,57,48,40,32,100,23,22,30,100,100,99,0,0,100
77,0,75,0,100,100,100,0,50,35,0,100,35,0,100,0,100,65,0,0,100,100,92,97,0,100,0,0,0,0,63,47,100,100,86,46,74,48,100,100,100,100,100,100,0,100
78,50,75,0,0,100,0,0,100,20,0,100,0,100,100,0,100,0,0,0,100,0,28,95,0,100,0,100,0,0,90,10,67,100,100,100,43,23,100,100,100,100,100,100,0,0
79,0,0,35,0,100,50,0,0,35,0,100,0,75,100,0,100,0,50,0,100,100,0,20,0,0,0,0,0,0,1,29,86,100,97,24,0,0,100,100,100,86,0,0,0,0
80,20,75,0,0,100,0,0,0,0,0,100,0,0,100,0,0,20,0,100,0,0,0,0,0,0,0,0,0,0,0,0,0,0,0,0,0,0,0,0,0,0,0,0,0,0
81,0,0,100,100,100,100,75,100,100,0,100,100,75,100,0,100,100,0,100,100,0,92,99,0,100,0,100,0,0,100,0,100,100,79,39,25,0,36,39,100,100,69,100,0,0
82,0,0,100,100,100,100,100,50,100,0,100,0,100,100,0,100,100,0,100,100,100,0,4,100,0,0,100,0,0,20,5,100,100,38,0,100,100,100,59,100,66,74,0,0,100
83,0,75,0,0,100,0,0,100,20,0,100,0,0,100,0,100,0,0,0,100,100,90,99,0,100,0,100,0,0,100,1,83,42,0,25,100,27,0,8,100,83,81,100,0,0
84,75,75,0,0,100,0,0,100,35,0,100,0,0,100,0,100,20,0,0,100,100,35,65,0,0,0,100,0,0,76,10,13,100,40,30,100,9,67,100,100,100,61,100,0,0
85,0,75,75,100,100,75,0,0,35,0,100,0,75,100,0,100,50,75,100,0,0,0,0,0,0,0,0,0,0,0,0,0,0,0,0,0,0,0,0,0,0,0,0,0,0
86,50,0,0,0,100,0,0,100,20,0,100,0,0,100,0,35,0,0,0,100,100,85,90,0,100,0,100,0,0,100,79,100,100,100,78,100,100,100,100,100,100,100,100,0,100
87,75,75,0,0,100,0,0,50,50,0,100,0,35,100,0,100,35,0,0,0,100,87,99,100,100,0,100,0,0,99,5,100,41,100,67,100,45,100,100,100,100,100,0,0,100
88,75,65,0,0,100,50,0,100,35,0,100,35,75,100,0,100,65,0,0,0,0,0,0,0,0,0,0,0,0,0,0,0,0,0,0,0,0,0,0,0,0,0,0,0,0
89,0,75,100,100,100,50,0,100,100,0,100,0,100,100,0,100,100,100,0,100,0,76,89,0,0,0,0,0,0,57,96,100,100,100,34,100,100,100,100,100,100,100,0,0,100
90,100,75,75,0,100,0,50,100,75,0,100,0,100,100,0,100,35,50,0,100,100,24,100,100,100,0,100,0,0,99,0,0,60,100,100,27,0,100,0,0,100,0,100,0,100
91,0,75,100,100,100,100,75,100,100,0,100,100,100,100,0,100,100,0,100,100,100,10,38,0,0,0,100,0,0,46,3,100,100,0,11,100,100,39,100,100,87,63,100,0,100
92,0,75,35,0,100,20,0,100,50,0,100,0,75,100,0,100,50,50,0,100,100,74,89,100,100,0,100,0,0,93,58,100,100,88,67,75,38,100,100,100,100,100,100,0,100
93,100,75,75,100,100,100,50,100,100,0,100,100,100,100,0,100,100,100,100,100,100,100,100,100,100,0,0,0,0,100,100,100,100,100,100,100,100,100,100,100,100,100,100,0,100
94,0,0,0,100,100,50,0,0,35,0,100,0,0,100,0,100,65,0,0,100,100,100,99,100,100,0,0,0,0,100,100,100,100,100,75,100,100,100,100,100,100,100,100,0,100
95,100,75,100,100,0,75,100,100,100,100,100,0,100,100,0,100,100,0,100,100,100,99,97,100,0,0,0,0,0,100,100,100,100,100,43,100,100,100,100,100,100,100,100,0,100
96,75,65,0,0,100,50,0,100,20,0,100,0,0,100,0,100,20,0,0,100,100,8,27,100,0,0,100,0,0,80,54,100,45,100,41,100,75,100,100,100,100,99,100,0,0
97,100,75,75,0,100,0,100,100,50,0,100,100,75,100,0,100,100,100,100,100,0,100,100,0,0,0,100,0,0,100,47,100,100,100,100,88,67,100,67,100,100,100,100,0,100
98,0,0,0,35,100,0,50,100,35,0,100,0,35,100,0,100,0,50,0,0,100,100,100,100,0,0,0,0,0,100,100,100,100,100,100,100,100,100,73,100,100,100,100,0,100
99,100,75,50,100,100,0,0,100,35,0,100,100,75,100,0,100,100,100,0,100,100,86,95,0,0,0,0,0,0,100,85,100,100,37,57,100,100,30,100,100,100,100,100,0,100
100,100,75,35,100,100,0,0,100,35,0,100,100,75,100,0,100,100,100,0,100,100,73,86,100,100,0,0,0,0,52,43,56,100,65,40,100,36,65,100,100,87,96,100,0,0
101,75,75,0,35,0,0,0,0,35,0,100,0,75,100,0,100,0,50,0,0,0,0,0,0,0,0,0,0,0,0,0,0,0,0,0,0,0,0,0,0,0,0,0,0,0
102,0,75,0,20,0,75,100,100,75,50,100,0,100,100,0,100,75,100,100,100,0,10,41,0,0,0,0,0,0,88,17,100,100,58,24,100,100,100,100,100,100,88,100,0,0
103,0,75,75,100,100,100,75,100,100,0,100,100,75,100,0,100,100,0,100,100,100,13,50,0,0,0,0,0,0,95,4,23,100,67,19,88,0,74,74,100,100,42,100,0,100
104,0,65,0,0,100,20,0,100,35,0,100,0,0,100,0,100,65,0,0,100,100,15,99,100,100,0,100,0,0,100,100,0,100,100,100,100,0,100,100,100,100,0,100,0,100
105,100,75,0,100,100,0,0,100,20,0,100,100,0,100,0,100,100,50,0,100,100,99,100,0,100,0,100,0,0,100,100,100,88,100,100,25,11,100,48,100,100,100,100,0,100
106,20,75,0,100,100,0,0,100,20,0,100,0,0,100,0,35,0,0,0,100,100,99,99,100,100,0,0,0,0,100,100,100,100,100,75,100,100,100,100,100,100,100,100,0,100
107,20,65,0,0,100,75,0,100,35,0,100,0,35,100,0,100,35,0,0,100,0,5,51,0,0,0,100,0,0,83,0,0,45,32,0,4,0,3,19,100,86,2,100,0,0
108,0,0,0,0,0,0,0,50,0,0,100,0,100,100,100,20,0,0,0,100,100,87,100,0,0,0,100,0,0,100,6,18,51,73,41,0,0,22,29,100,100,92,100,0,0
109,0,75,20,100,100,20,75,100,75,0,100,100,100,100,0,100,75,0,0,100,100,92,100,0,100,0,100,0,0,100,1,30,100,64,100,22,13,100,32,100,100,100,100,0,0
110,0,75,20,0,100,0,0,100,0,0,100,0,35,100,0,100,0,0,0,0,100,50,51,100,0,0,100,0,0,100,2,100,100,50,18,100,48,6,53,100,100,100,100,0,100
111,0,75,65,0,100,100,20,100,35,0,100,0,75,100,0,100,75,50,0,0,0,0,0,0,0,0,0,0,0,0,0,0,0,0,0,0,0,0,0,0,0,0,0,0,0
112,35,75,65,0,100,0,0,100,20,0,100,0,75,100,0,100,0,0,100,100,100,15,91,0,100,0,100,0,0,14,46,42,100,35,36,0,0,8,14,100,100,14,100,0,0
113,0,0,0,0,100,0,0,0,0,0,100,0,100,0,0,20,0,0,100,100,0,0,5,0,0,0,100,0,0,15,0,0,0,27,0,0,0,0,0,100,100,0,100,0,0
114,0,0,100,100,100,100,75,100,100,0,100,0,75,100,0,100,100,0,100,100,0,11,65,0,100,0,100,0,0,46,0,0,76,59,31,0,0,100,0,100,100,0,100,0,0
115,75,0,35,0,100,75,0,100,35,0,100,0,100,100,100,100,35,75,100,0,0,0,0,0,0,0,0,0,0,0,0,0,0,0,0,0,0,0,0,0,0,0,0,0,0
116,50,0,75,0,100,0,0,100,35,0,100,0,100,100,100,100,0,0,0,100,100,50,98,0,100,0,100,0,0,91,4,0,100,100,74,0,0,100,100,100,100,16,100,0,0
117,0,0,35,0,100,50,20,50,35,0,100,0,100,100,0,100,0,0,0,0,0,4,30,0,0,0,0,0,0,83,5,43,100,100,32,43,25,76,49,100,100,99,0,0,0
118,0,65,0,100,100,0,0,100,20,0,100,35,0,100,0,100,35,0,0,100,100,73,97,0,100,0,100,0,0,20,23,100,100,47,48,100,100,100,100,49,100,100,100,0,100
119,0,65,0,0,100,0,0,50,20,0,100,0,0,100,0,100,0,0,0,100,100,18,42,0,0,0,100,0,0,99,11,100,100,100,10,38,0,100,100,100,87,36,100,0,100
120,0,20,0,35,100,75,0,0,35,0,100,0,0,100,0,100,35,0,0,100,100,73,79,0,0,0,100,0,0,100,17,28,100,100,46,100,43,62,100,100,100,100,100,0,100
121,0,75,100,100,100,100,75,100,75,0,100,0,100,100,100,100,35,100,100,0,100,100,100,100,0,0,0,0,0,100,80,100,100,100,100,100,88,100,74,100,100,100,100,0,100
122,75,65,0,20,100,0,0,0,20,0,100,0,0,100,0,35,0,0,0,100,100,66,96,0,100,0,0,0,0,100,1,17,100,58,100,10,0,100,100,100,100,99,0,0,0
123,0,75,0,0,100,0,0,100,0,0,100,0,35,100,0,100,0,50,0,100,100,5,30,100,0,0,100,0,0,0,20,48,67,67,24,100,67,100,100,100,100,96,100,0,0
124,75,75,0,20,100,0,0,50,20,0,100,100,100,100,0,100,0,0,0,100,100,95,97,0,100,0,100,0,0,86,28,100,100,75,42,88,41,100,100,100,88,100,100,0,100
125,0,75,65,20,100,100,50,100,35,0,100,0,75,100,0,100,0,0,0,0,100,100,100,100,0,0,0,0,0,100,100,100,100,100,100,100,100,100,100,100,100,100,100,0,100
126,75,75,0,0,100,0,0,0,35,0,100,0,100,100,0,100,0,50,0,100,0,5,32,0,0,0,0,0,0,2,36,88,41,41,25,100,42,100,100,100,100,94,0,0,100
127,0,75,0,35,100,0,0,100,35,0,100,0,100,100,0,100,20,0,100,100,100,10,26,0,0,0,0,0,0,100,14,100,58,88,31,100,88,100,50,100,100,100,100,0,0
128,0,75,0,35,100,50,0,100,20,0,100,35,0,100,0,100,65,0,0,100,0,2,34,0,0,0,100,0,0,82,3,0,100,16,13,100,0,100,100,100,69,0,100,0,100
129,50,75,0,0,100,50,0,0,20,0,100,0,0,100,0,100,20,0,0,100,100,71,92,0,100,0,100,0,0,90,2,0,100,52,36,81,0,100,100,100,100,0,100,0,100
130,100,75,100,100,100,100,100,100,100,100,100,0,75,100,0,100,100,100,100,100,100,72,97,0,100,0,100,0,0,92,36,100,100,100,47,79,50,79,33,100,100,100,100,0,100
131,75,65,0,0,100,0,0,100,35,0,100,0,75,100,100,100,35,0,0,100,100,71,91,0,0,0,100,0,0,97,57,100,100,100,52,100,99,96,100,100,100,100,100,0,0
132,0,75,0,0,100,0,0,100,0,0,100,0,0,100,0,35,0,0,0,100,100,35,71,0,0,0,100,0,0,90,20,100,34,49,29,45,0,87,100,100,87,84,100,0,100
133,0,65,0,0,100,0,0,100,20,0,100,0,100,100,0,35,0,0,0,100,100,2,19,0,0,0,100,0,0,89,19,88,57,62,32,100,72,100,93,100,93,97,0,0,0
134,75,75,0,0,100,0,0,100,35,0,100,35,100,100,0,100,65,0,0,100,100,0,100,0,100,0,100,0,0,56,41,48,100,87,46,100,87,100,100,100,100,99,100,0,100
135,50,75,0,20,100,0,0,100,35,0,100,100,100,100,0,100,65,0,0,100,100,0,0,0,0,0,100,0,0,0,0,0,0,48,0,2,0,100,97,100,100,0,0,0,0
136,0,75,0,20,100,50,0,100,50,0,100,35,100,100,0,100,100,0,0,100,100,5,40,0,0,0,100,0,0,39,50,100,9,45,27,0,0,100,100,100,87,0,100,0,0
137,50,75,0,0,100,0,0,100,35,0,100,0,100,100,0,100,0,0,0,100,0,24,57,100,100,0,100,0,0,12,6,44,100,100,34,87,0,92,100,100,100,56,0,0,0
138,0,75,100,100,100,100,50,50,100,0,100,0,100,100,0,100,100,0,100,100,100,63,97,100,100,0,100,0,0,39,96,100,100,100,66,73,49,100,100,100,100,100,100,0,100
139,0,0,0,0,100,0,0,100,20,0,100,0,35,100,0,100,0,0,0,0,0,0,0,0,0,0,0,0,0,0,0,0,0,0,0,0,0,0,0,0,0,0,0,0,0
140,100,75,20,100,100,0,0,100,20,0,100,100,100,100,0,100,75,75,0,100,0,57,87,0,100,0,0,0,0,98,43,100,100,73,40,63,35,100,100,100,100,99,100,0,100
141,50,75,0,0,100,0,0,100,35,0,100,0,100,100,0,100,65,0,0,100,100,64,98,0,100,0,0,0,0,96,95,75,100,59,48,100,88,100,100,100,100,100,100,0,100
142,50,75,0,0,100,0,0,100,20,0,100,100,0,100,0,100,20,0,0,100,0,10,31,0,0,0,100,0,0,86,77,100,100,75,50,100,88,100,100,100,100,100,0,0,100
143,100,75,20,35,100,0,0,100,35,0,100,0,100,100,0,100,0,0,0,100,100,82,93,0,100,0,100,0,0,80,49,100,100,100,37,100,75,100,100,100,100,100,100,0,100
144,75,75,0,0,100,0,0,0,0,0,100,0,100,100,0,0,35,0,0,100,100,99,100,100,100,0,100,0,0,36,100,100,100,100,100,100,36,100,100,100,100,100,100,0,100
145,75,75,0,0,100,0,0,100,20,0,100,0,0,100,0,35,0,0,0,100,100,100,100,100,0,0,0,0,0,100,100,100,100,100,100,100,100,100,100,100,100,100,100,0,100
146,0,75,100,100,100,75,75,100,100,50,100,0,100,100,0,100,100,0,100,100,100,22,86,100,100,0,0,0,0,4,48,48,100,88,17,100,100,100,100,100,100,100,100,0,100
147,50,75,0,0,100,0,0,100,20,0,100,0,75,100,0,100,50,50,0,100,100,66,85,0,0,0,100,0,0,100,24,0,100,67,41,100,4,100,100,100,100,55,100,0,0
148,100,75,50,0,100,0,0,100,20,0,100,0,100,100,100,100,0,75,0,100,100,22,67,0,0,0,100,0,0,95,0,0,79,88,9,0,0,100,92,100,100,0,0,0,100
149,0,75,65,100,100,50,75,100,100,0,100,100,75,100,0,100,100,0,100,100,100,21,53,0,0,0,100,0,0,100,33,100,100,100,44,64,34,73,100,100,100,94,100,0,0
150,0,65,100,100,100,100,100,50,100,50,100,100,100,100,0,100,100,0,100,100,100,82,88,0,100,0,0,0,0,100,42,58,100,74,25,100,48,100,100,100,88,100,100,0,0
151,20,20,0,100,100,0,0,100,0,0,100,0,0,100,0,20,0,0,0,100,100,99,98,100,100,0,0,0,0,100,100,100,100,100,41,100,100,100,100,100,100,100,100,0,100
152,75,75,0,0,100,0,0,0,20,0,100,0,100,100,0,35,0,50,0,100,100,71,91,100,100,0,100,0,0,93,48,100,100,88,32,100,100,100,100,100,88,100,100,0,100
153,75,75,0,0,100,0,0,0,0,0,100,0,75,100,0,35,0,0,0,100,100,46,87,0,100,0,100,0,0,94,51,39,100,62,9,34,0,71,14,100,100,81,100,0,0
154,100,75,0,0,100,0,0,0,20,0,100,0,100,100,0,100,0,0,0,0,0,0,0,0,0,0,0,0,0,0,0,0,0,0,0,0,0,0,0,0,0,0,0,0,0
155,75,75,0,0,100,0,0,100,20,0,100,0,35,100,100,100,0,0,0,100,100,72,100,0,100,0,100,0,0,99,0,0,71,71,62,19,0,100,100,100,100,0,100,0,100
156,75,75,0,35,100,0,0,100,35,0,100,0,100,100,0,100,20,0,0,100,100,3,37,0,0,0,100,0,0,84,0,28,0,44,35,0,0,100,100,100,100,2,100,0,0
157,75,75,0,0,100,20,0,100,35,0,100,0,100,100,0,100,35,0,0,0,0,0,0,0,0,0,0,0,0,0,0,0,0,0,0,0,0,0,0,0,0,0,0,0,0
158,75,75,0,100,100,0,0,0,0,0,100,0,0,100,0,20,35,50,0,100,100,99,99,100,100,0,0,0,0,100,100,100,100,100,67,100,100,100,100,100,100,100,100,0,100
159,50,75,0,0,100,0,0,100,20,0,100,0,100,100,0,100,0,0,0,100,100,51,83,100,100,0,100,0,0,95,25,32,100,100,38,62,36,100,100,100,100,98,0,0,100
160,100,75,35,0,100,0,0,100,65,0,100,100,100,100,0,100,75,0,100,100,100,73,89,100,100,0,0,0,0,86,46,44,100,74,50,87,46,100,100,100,100,98,100,0,100
161,50,75,0,0,100,0,0,100,35,0,100,100,100,100,0,100,35,0,0,100,100,37,59,0,0,0,100,0,0,69,35,100,100,100,47,78,78,100,100,100,100,100,0,0,100
162,75,75,50,0,100,50,75,0,35,0,100,0,100,100,0,100,35,0,0,100,100,17,51,0,0,0,0,0,0,81,17,100,100,100,16,100,58,74,100,100,100,100,100,0,0
163,20,65,0,0,100,0,0,100,35,0,100,20,35,100,0,100,35,0,0,100,100,0,100,0,100,0,100,0,0,89,48,36,100,100,50,100,39,100,100,100,100,100,100,0,100
164,100,75,100,100,100,0,0,100,100,0,100,100,75,100,0,100,100,0,0,100,100,30,59,0,0,0,0,0,0,0,28,75,75,88,16,100,75,100,100,100,88,81,100,0,0
165,100,75,65,100,100,100,50,100,100,0,100,100,75,100,0,100,100,100,100,100,0,2,23,0,0,0,0,0,0,99,0,100,0,0,0,65,0,0,0,100,100,27,100,0,0
166,20,75,0,20,100,0,0,100,35,0,100,0,35,100,100,100,20,0,0,100,100,100,100,100,100,0,0,0,0,100,100,100,100,100,100,100,100,100,100,100,100,100,100,0,100
167,0,65,65,0,100,50,0,50,35,0,100,0,100,100,0,100,75,0,0,100,0,2,18,0,0,0,0,0,0,90,4,58,67,48,25,88,41,33,36,100,100,78,0,0,100
168,100,75,100,100,100,50,0,100,75,0,100,0,100,100,0,100,100,0,0,100,100,34,74,100,100,0,0,0,0,25,92,6,100,100,58,100,46,100,100,100,100,98,100,0,100
169,100,75,0,0,100,0,0,100,35,0,100,35,75,100,0,100,100,0,0,100,0,0,6,0,0,0,100,0,0,47,0,100,0,100,0,0,0,100,100,100,100,0,0,0,0
170,75,75,0,35,100,0,0,100,35,0,100,0,75,100,0,35,20,0,0,100,0,96,100,0,100,0,0,0,0,100,47,100,100,100,67,100,100,100,100,100,100,100,100,0,100
171,0,75,65,20,100,0,0,100,20,0,100,0,100,100,0,100,20,50,0,100,0,42,74,0,0,0,0,0,0,98,75,88,88,69,30,100,100,100,100,100,100,100,100,0,100
172,0,0,75,20,100,75,100,100,65,0,100,0,35,100,0,100,75,0,0,100,0,84,95,0,100,0,100,0,0,100,0,100,100,0,8,100,75,0,36,100,100,88,100,0,0
173,35,75,65,0,100,0,0,100,35,0,100,100,75,100,0,100,75,50,100,100,100,62,91,100,100,0,0,0,0,98,96,100,100,45,39,45,14,100,100,100,100,95,100,0,100
174,100,75,100,100,100,50,75,100,75,0,100,20,75,100,0,100,100,0,100,100,0,11,34,0,0,0,0,0,0,94,11,44,33,45,28,79,38,100,81,100,88,98,0,0,0
175,35,75,0,0,100,0,0,100,20,0,100,100,75,100,0,35,20,0,0,0,0,0,0,0,0,0,0,0,0,0,0,0,0,0,0,0,0,0,0,0,0,0,0,0,0
176,75,75,100,100,100,100,50,100,100,0,100,35,100,100,0,100,100,0,100,0,0,0,0,0,0,0,0,0,0,0,0,0,0,0,0,0,0,0,0,0,0,0,0,0,0
177,100,75,0,20,100,0,0,100,35,0,100,0,35,100,0,100,0,50,0,0,100,95,93,100,0,0,100,0,0,100,72,100,100,100,58,100,100,88,44,100,100,100,0,0,100
178,0,0,65,35,100,0,0,100,50,0,100,0,35,100,0,100,0,0,0,0,0,0,0,0,0,0,0,0,0,0,0,0,0,0,0,0,0,0,0,0,0,0,0,0,0
179,0,0,75,20,100,75,100,100,75,0,100,0,35,100,0,100,75,0,0,0,100,100,100,100,0,0,0,0,0,67,100,100,100,100,100,100,100,100,100,100,100,100,100,0,100
180,0,75,75,0,100,0,0,100,20,0,100,100,75,100,0,100,75,0,100,100,100,100,100,100,100,0,0,0,0,100,97,100,100,100,100,84,84,100,100,100,100,100,100,0,100
181,100,75,50,35,100,0,20,100,75,0,100,35,35,100,0,100,65,0,0,0,0,0,0,0,0,0,0,0,0,0,0,0,0,0,0,0,0,0,0,0,0,0,0,0,0
182,100,75,0,0,100,0,0,100,0,0,100,0,35,100,0,100,0,0,0,100,0,7,61,0,0,0,100,0,0,60,90,0,0,42,47,48,0,100,100,100,98,0,100,0,0
183,50,0,65,35,100,100,0,100,75,0,100,0,0,100,0,100,100,0,100,0,100,100,100,100,100,0,0,0,0,96,88,100,100,100,66,100,100,52,78,100,100,100,0,0,100
184,0,75,100,100,100,75,100,100,100,0,100,0,100,100,0,100,100,0,100,100,100,99,100,0,0,0,0,0,0,100,26,100,100,88,100,100,100,67,88,100,100,100,100,0,100
185,0,0,100,100,100,100,100,100,50,100,100,0,75,100,0,100,100,100,100,100,100,77,95,100,0,0,0,0,0,0,83,100,100,100,88,100,100,100,100,100,100,100,100,0,0
186,0,0,100,100,100,100,100,100,100,0,100,0,100,100,0,100,100,0,100,100,100,99,99,100,100,0,0,0,0,100,96,100,100,75,48,100,100,100,42,100,100,100,100,0,100
187,100,75,100,100,100,100,75,100,75,0,100,0,75,100,0,100,75,0,100,0,100,100,100,100,100,0,0,0,0,100,95,100,100,100,100,100,100,100,100,100,100,100,100,0,100
188,0,75,100,100,100,75,100,100,100,0,100,0,100,100,0,100,100,0,100,100,100,94,98,100,0,0,0,0,0,33,56,100,100,100,67,100,75,100,100,100,100,100,100,0,0
189,0,75,75,35,100,50,0,100,50,0,100,20,35,100,0,100,50,0,100,100,100,99,100,0,100,0,100,0,0,100,80,100,100,59,49,100,83,100,100,100,100,100,100,0,100
190,0,0,50,100,100,50,0,0,75,0,100,0,75,100,0,100,100,0,100,0,100,100,100,100,0,0,0,0,0,100,82,100,100,100,100,100,100,88,48,100,100,100,100,0,100
191,50,75,0,100,100,50,20,50,35,0,100,0,35,0,0,100,35,0,0,0,100,100,100,100,0,0,0,0,0,100,100,100,100,100,100,100,100,100,100,100,100,100,100,0,100
192,0,0,100,100,100,100,100,100,100,0,100,0,100,100,0,100,100,0,100,100,100,90,98,100,0,0,0,0,0,33,56,100,100,100,67,100,75,100,100,100,100,100,100,0,0
193,0,75,100,100,100,75,100,100,100,0,100,0,100,100,0,100,100,0,100,100,0,8,34,0,0,0,0,0,0,94,12,40,30,36,23,63,35,100,88,100,70,98,0,0,0
194,0,75,100,100,100,75,100,100,100,0,100,0,100,100,0,100,100,0,100,100,100,100,100,0,0,0,0,0,0,100,26,100,100,88,100,100,100,67,88,100,100,100,100,0,100
195,50,50,35,100,100,50,0,0,75,0,100,0,75,100,0,100,100,0,100,0,0,0,0,0,0,0,0,0,0,0,0,0,0,0,0,0,0,0,0,0,0,0,0,0,0
196,50,75,0,100,100,50,20,50,35,0,100,35,35,0,0,100,35,0,0,100,100,79,96,0,100,0,100,0,0,99,35,100,100,100,36,0,0,100,100,100,100,92,100,0,100
197,0,0,75,20,100,75,100,100,75,0,100,0,35,100,0,100,75,0,0,100,100,100,100,100,100,0,0,0,0,100,97,100,100,100,100,100,100,100,100,100,100,100,100,0,100
198,100,75,100,100,100,50,75,100,75,0,100,20,75,100,0,100,100,0,100,0,100,100,100,100,0,0,0,0,0,100,82,100,100,100,100,100,100,88,48,100,100,100,100,0,100
199,35,75,0,0,100,0,0,100,20,0,100,100,75,100,0,35,20,0,0,0,100,1,15,100,0,0,100,0,0,13,9,100,88,50,37,100,46,100,100,100,50,85,100,0,0
200,0,0,100,100,100,100,100,100,50,100,100,0,75,100,0,100,100,100,100,100,0,81,94,0,100,0,100,0,0,100,0,100,100,0,4,100,66,0,35,100,100,88,100,0,0
201,100,75,50,35,100,0,20,100,75,0,100,35,35,100,0,100,65,0,0,0,0,0,0,0,0,0,0,0,0,0,0,0,0,0,0,0,0,0,0,0,0,0,0,0,0
202,0,75,75,35,100,50,0,100,50,0,100,20,35,100,0,100,50,0,100,100,0,5,56,0,0,0,100,0,0,60,91,0,0,32,45,88,0,100,100,100,100,0,100,0,0
203,100,75,0,0,100,0,0,100,0,0,100,0,35,100,0,100,0,0,0,100,100,0,27,0,0,0,100,0,0,14,41,100,100,64,87,100,100,100,100,100,100,100,100,0,100
204,50,0,20,35,100,100,0,100,75,0,100,0,0,100,0,100,100,0,100,0,100,100,100,100,0,0,0,0,0,67,100,100,100,100,100,100,100,100,100,100,100,100,100,0,100
205,0,75,100,100,100,100,50,100,100,0,100,0,100,100,0,100,100,100,100,0,100,100,100,100,100,0,0,0,0,96,88,100,100,100,66,100,95,52,63,100,100,100,0,0,100
206,0,0,65,35,100,0,0,100,50,0,100,0,35,100,0,100,0,0,0,0,0,0,0,0,0,0,0,0,0,0,0,0,0,0,0,0,0,0,0,0,0,0,0,0,0
207,100,75,100,100,100,100,75,100,75,0,100,0,75,100,0,100,75,0,100,100,100,100,100,0,100,0,100,0,0,100,80,100,100,50,49,100,70,100,100,100,100,100,100,0,100
208,35,75,75,0,100,0,0,100,35,0,100,100,75,100,0,100,75,50,100,0,100,100,100,100,100,0,0,0,0,100,95,100,100,100,100,100,100,100,100,100,100,100,100,0,100
209,0,0,75,20,100,75,100,100,65,0,100,0,35,100,0,100,75,0,0,0,100,100,100,100,0,0,0,0,0,100,100,100,100,100,100,100,100,100,100,100,100,100,100,0,100
210,0,75,65,0,100,0,0,100,20,50,100,100,75,100,0,100,75,0,100,0,100,92,91,100,0,0,100,0,0,100,63,100,100,100,41,100,100,93,57,100,100,100,0,0,100
211,100,75,0,20,100,0,0,100,35,0,100,0,35,100,0,100,0,50,0,0,0,0,0,0,0,0,0,0,0,0,0,0,0,0,0,0,0,0,0,0,0,0,0,0,0
212,0,75,35,35,100,20,0,100,20,0,100,0,100,100,0,100,50,75,0,100,100,55,85,0,100,0,100,0,0,35,16,100,100,49,33,100,56,100,100,100,100,100,100,0,0
213,0,75,20,0,100,75,0,100,75,0,100,0,100,100,0,100,75,0,0,0,0,99,100,100,100,0,0,0,0,98,36,100,100,81,100,100,81,100,50,100,100,100,0,0,100
214,100,75,75,35,100,100,20,0,100,0,100,100,100,100,0,100,100,0,100,100,100,75,93,100,0,0,0,0,0,0,83,100,100,100,88,100,100,100,100,100,100,100,100,0,0
215,50,75,0,0,100,0,0,50,0,0,100,0,0,100,0,35,20,0,0,100,100,0,3,0,0,0,100,0,0,22,6,88,0,46,0,88,41,45,100,100,100,14,0,0,0
216,0,0,100,100,100,100,100,50,100,0,100,0,100,100,0,100,100,0,100,0,0,0,0,0,0,0,0,0,0,0,0,0,0,0,0,0,0,0,0,0,0,0,0,0,0
217,35,75,0,0,100,0,0,100,0,0,100,0,0,100,0,100,35,0,0,0,0,0,0,0,0,0,0,0,0,0,0,0,0,0,0,0,0,0,0,0,0,0,0,0,0
218,75,75,0,0,100,0,0,50,20,0,100,35,75,100,0,100,35,0,0,100,100,99,100,0,0,0,100,0,0,100,2,100,100,75,100,29,16,100,46,100,100,100,0,0,100
219,75,75,0,0,100,0,0,100,35,0,100,0,75,100,0,100,65,0,0,100,100,0,2,0,0,0,100,0,0,56,2,100,85,35,8,100,64,64,100,100,64,78,0,0,100
220,75,75,0,20,100,0,0,100,35,0,100,0,75,100,0,100,0,0,0,100,0,41,68,0,100,0,100,0,0,96,57,100,100,75,41,100,100,100,100,100,88,100,0,0,0
221,0,0,75,35,100,75,0,50,75,0,100,0,75,100,0,100,100,0,100,100,100,3,69,0,0,0,100,0,0,6,4,0,78,100,41,0,0,100,100,100,100,0,0,0,0
222,0,75,75,100,100,75,75,100,100,0,100,100,75,100,0,100,100,0,100,100,100,99,99,0,100,0,0,0,0,100,14,100,100,100,74,100,88,100,100,58,100,100,100,0,100
223,20,65,0,0,0,0,0,100,0,0,100,0,100,100,0,100,0,0,0,0,100,67,81,0,0,0,100,0,0,100,5,78,100,100,100,100,35,100,88,100,100,100,100,0,0
224,0,75,0,35,100,0,0,100,20,0,100,0,0,100,0,100,65,0,0,100,100,15,41,0,0,0,0,0,0,93,27,100,43,45,29,47,43,100,100,100,88,98,100,0,0
225,20,75,35,100,0,0,0,100,65,0,100,0,100,100,0,100,75,0,0,100,0,3,21,100,100,0,0,0,0,0,1,100,18,48,31,43,31,100,100,100,100,98,100,0,100
226,50,75,0,0,100,0,0,0,20,0,100,0,75,100,100,100,20,0,0,100,100,7,34,0,0,0,100,0,0,83,1,42,23,91,40,23,0,79,74,100,87,92,0,0,0
227,35,75,50,100,100,100,0,100,65,0,100,0,35,100,0,100,65,0,100,100,100,0,0,0,0,0,100,0,0,0,4,100,100,75,0,100,45,97,100,100,93,6,0,0,100
228,0,65,0,0,100,0,0,100,20,0,100,0,0,100,0,100,35,0,0,100,100,6,36,0,0,0,0,0,0,53,22,0,53,83,25,75,45,57,100,100,100,15,100,0,100
229,35,75,0,0,100,50,0,100,20,0,100,100,100,100,0,100,75,0,0,100,100,0,26,0,0,0,100,0,0,32,2,0,79,36,0,100,100,100,100,100,100,19,100,0,100
230,50,75,0,0,0,20,0,100,0,0,100,35,100,100,0,100,75,0,0,0,0,0,0,0,0,0,0,0,0,0,0,0,0,0,0,0,0,0,0,0,0,0,0,0,0
231,0,0,100,100,100,100,100,50,100,0,100,0,100,100,0,100,100,0,100,100,100,99,99,100,100,0,0,0,0,100,96,100,100,100,75,100,100,100,42,100,100,100,100,0,100
232,35,75,0,0,100,100,0,100,20,0,100,0,75,100,0,100,35,0,0,100,100,34,66,0,0,0,100,0,0,99,62,100,29,60,1,43,16,100,100,100,100,50,100,0,100
233,0,75,0,0,100,0,0,100,35,0,100,0,35,100,0,100,65,0,0,100,100,1,14,0,0,0,100,0,0,0,11,100,100,83,39,100,100,100,100,100,84,99,100,0,100
234,100,75,0,35,100,0,0,100,20,0,100,0,35,100,0,100,20,0,0,100,100,10,53,100,0,0,100,0,0,0,35,0,36,75,31,100,88,100,100,100,100,83,100,0,100
235,100,75,0,0,100,0,0,100,35,0,100,0,100,100,0,100,35,0,0,100,100,11,46,0,0,0,100,0,0,14,0,88,75,46,29,0,0,100,100,100,88,10,100,0,100
236,20,75,0,0,0,0,0,50,20,0,100,0,75,100,0,100,50,0,0,100,0,11,45,100,0,0,100,0,0,8,10,100,100,49,14,62,62,100,100,100,49,31,100,0,0
237,0,75,0,35,100,0,0,100,35,0,100,0,35,100,0,100,35,0,0,100,0,16,43,0,0,0,100,0,0,76,16,100,100,67,34,100,91,100,100,100,88,100,100,0,0
238,75,75,0,0,100,50,0,100,20,0,100,0,100,100,0,100,0,50,0,100,100,10,43,100,0,0,0,0,0,100,35,100,100,100,26,0,0,100,100,100,100,99,0,0,0
239,0,75,0,100,100,0,0,100,35,0,100,0,75,100,0,100,100,0,0,100,0,16,63,0,0,0,100,0,0,98,11,88,88,38,45,0,0,100,100,100,100,24,100,0,0
240,0,75,100,100,100,100,100,50,65,0,100,0,100,100,0,100,35,100,100,100,100,71,92,100,100,0,0,0,0,98,96,100,100,47,36,44,13,100,100,100,100,95,100,0,100
241,0,75,0,0,100,0,0,100,0,0,100,0,100,100,0,100,0,0,0,100,100,6,86,0,100,0,100,0,0,10,60,88,100,58,41,100,100,100,100,100,87,100,100,0,100
242,75,75,0,0,100,0,0,100,20,0,100,0,75,100,0,100,0,50,0,100,0,16,41,0,0,0,100,0,0,0,41,0,57,57,29,100,32,100,100,100,87,32,100,0,0
243,0,75,20,100,100,50,0,0,65,0,100,35,75,100,100,35,65,0,100,0,0,0,0,0,0,0,0,0,0,0,0,0,0,0,0,0,0,0,0,0,0,0,0,0,0
244,0,75,0,20,100,0,0,100,50,0,100,0,75,100,0,100,75,0,0,100,100,18,84,100,0,0,100,0,0,54,36,74,100,100,35,100,100,100,100,100,100,100,0,0,0
245,50,75,0,100,100,0,0,100,20,0,100,0,75,100,0,35,0,0,100,100,100,30,57,0,0,0,100,0,0,86,34,32,100,67,33,100,67,100,100,100,100,97,100,0,0
246,50,65,0,0,100,0,0,0,0,0,100,0,35,100,0,100,0,0,0,100,0,99,98,100,100,0,100,0,0,100,88,100,100,100,88,100,100,100,59,100,100,100,0,0,100
247,0,0,75,100,100,100,100,50,100,0,100,0,35,100,0,100,100,0,100,0,100,100,100,100,0,0,0,0,0,100,48,100,100,100,100,100,100,100,58,100,100,100,100,0,100
248,0,75,100,100,100,100,75,100,65,0,100,0,100,100,0,100,100,100,100,100,100,96,99,0,100,0,0,0,0,100,82,100,100,67,58,100,72,100,100,100,100,100,100,0,100
249,20,75,0,0,100,20,0,100,20,0,100,0,0,100,0,100,0,0,0,100,100,51,74,0,100,0,100,0,0,100,29,100,100,100,45,100,100,100,100,100,100,100,100,0,0
250,50,75,0,0,100,0,0,50,20,0,100,35,0,100,0,100,0,0,0,100,100,100,100,0,100,0,100,0,0,100,13,100,100,100,100,100,75,100,45,100,100,100,100,0,100
251,0,75,100,100,100,100,50,0,100,50,100,0,100,100,0,100,100,0,100,0,100,98,97,100,0,0,0,0,0,100,75,100,100,100,100,100,100,100,100,100,100,100,0,0,100
252,100,75,35,0,100,50,0,100,35,0,100,0,35,100,0,100,20,0,0,100,0,76,84,0,0,0,100,0,0,100,4,100,46,73,36,100,23,73,19,100,100,100,100,0,0
253,50,75,0,35,100,75,0,100,75,0,100,0,0,100,0,100,100,0,100,100,0,80,98,0,100,0,0,0,0,40,2,100,100,75,47,100,16,100,100,100,100,95,100,0,0
254,75,75,0,35,0,0,0,0,20,0,100,35,75,100,0,35,0,0,0,100,100,49,74,0,0,0,100,0,0,96,17,74,57,41,26,100,50,100,22,100,100,92,100,0,0
255,0,75,20,100,100,0,0,100,35,0,100,100,75,100,0,100,100,0,0,100,100,19,45,100,0,0,100,0,0,91,2,13,70,94,34,15,0,100,100,100,100,90,0,0,100
256,100,75,20,0,100,0,0,100,35,0,100,0,35,100,0,100,0,0,0,100,100,14,51,0,0,0,100,0,0,100,0,100,100,66,0,0,0,100,100,100,100,28,0,0,0
257,0,0,100,100,100,100,100,50,100,100,100,0,100,100,0,100,100,0,100,100,0,79,89,0,100,0,0,0,0,97,42,78,100,69,41,100,100,40,71,100,100,100,100,0,100
258,75,75,35,0,100,0,0,0,0,0,100,0,0,100,0,100,0,0,0,100,100,28,81,0,100,0,100,0,0,76,20,0,100,37,37,87,0,100,100,100,100,75,100,0,0
259,0,75,0,0,100,0,0,100,35,0,100,0,35,100,0,100,35,0,0,100,100,1,37,0,100,0,100,0,0,89,90,45,100,100,75,75,48,100,0,100,100,100,100,0,0
260,75,75,0,0,100,0,0,100,35,0,100,0,75,100,0,35,0,0,0,100,100,7,32,0,0,0,0,0,0,99,27,0,100,65,36,22,0,100,100,100,100,4,100,0,100
261,0,75,0,0,100,75,50,100,20,0,100,20,0,100,100,100,0,0,0,100,100,42,85,0,100,0,0,0,0,74,94,100,50,46,49,100,43,100,100,100,100,100,100,0,0
262,0,75,100,100,100,75,0,100,35,0,100,35,75,100,0,100,20,75,100,0,0,0,0,0,0,0,0,0,0,0,0,0,0,0,0,0,0,0,0,0,0,0,0,0,0
263,0,75,50,100,100,20,20,50,75,0,100,0,75,100,0,100,65,0,0,0,100,100,100,100,0,0,0,0,0,100,100,100,100,100,100,100,100,100,100,100,100,100,100,0,100
264,100,75,65,35,100,0,0,50,35,0,100,0,75,100,0,100,20,0,0,0,0,55,73,100,0,0,100,0,0,100,44,100,71,100,44,100,71,100,100,100,100,100,100,0,100
265,0,75,20,35,100,50,20,100,75,0,100,0,75,100,0,100,35,0,0,0,100,100,100,100,0,0,100,0,0,100,48,100,100,100,100,100,100,88,46,100,100,100,100,0,100
266,20,75,0,0,100,20,0,100,20,0,100,0,0,100,0,100,0,0,0,100,100,100,100,100,100,0,0,0,0,100,68,100,100,100,100,100,52,100,100,100,100,100,0,0,100
267,0,75,100,100,100,100,50,0,100,0,100,20,100,100,0,100,100,0,100,100,100,34,79,0,100,0,0,0,0,74,94,100,62,43,49,100,43,100,100,100,100,100,100,0,0
268,0,75,35,0,100,0,0,100,35,0,100,20,75,100,0,100,0,0,0,0,0,0,0,0,0,0,0,0,0,0,0,0,0,0,0,0,0,0,0,0,0,0,0,0,0
269,0,75,75,35,100,100,50,100,100,0,100,0,75,100,0,100,100,0,100,0,100,100,100,0,100,0,100,0,0,100,26,100,100,100,100,49,49,100,100,100,100,100,0,0,100
270,0,75,75,100,100,20,0,100,50,0,100,0,75,100,100,100,35,75,100,100,0,0,57,0,0,0,100,0,0,12,21,7,36,54,35,48,0,74,48,100,100,82,100,0,0
271,50,75,0,0,100,0,0,50,20,0,100,35,35,100,0,100,0,0,0,100,100,49,93,0,100,0,100,0,0,85,100,78,100,85,67,100,47,100,100,100,100,100,100,0,100
272,75,75,0,0,100,0,0,100,35,0,100,0,75,100,0,35,0,0,0,0,0,0,0,0,0,0,0,0,0,0,0,0,0,0,0,0,0,0,0,0,0,0,0,0,0
273,50,75,0,100,100,20,0,100,35,0,100,0,75,100,0,100,20,0,0,100,100,100,100,100,100,0,100,0,0,100,8,32,100,88,75,24,1,100,45,100,100,100,100,0,100
274,100,75,35,0,100,0,0,100,20,0,100,0,35,100,0,100,0,0,0,100,0,69,98,100,100,0,0,0,0,100,23,100,100,40,53,26,0,81,100,100,100,84,100,0,0
275,20,75,20,0,100,0,0,100,35,0,100,100,35,100,0,100,100,0,0,100,0,20,71,0,100,0,100,0,0,100,1,100,100,48,26,100,34,100,52,100,75,100,100,0,100
276,0,75,0,0,100,0,0,100,20,0,100,0,35,100,0,100,0,0,0,0,0,0,0,0,0,0,0,0,0,0,0,0,0,0,0,0,0,0,0,0,0,0,0,0,0
277,0,75,50,100,100,20,20,50,75,0,100,0,75,100,0,100,65,0,0,100,100,96,98,0,100,0,100,0,0,100,20,100,100,100,64,100,59,100,100,100,100,100,100,0,100
278,0,0,100,20,100,100,0,100,50,50,100,0,100,100,0,100,100,100,100,100,0,2,21,0,0,0,0,0,0,99,27,0,100,96,34,26,0,58,100,100,100,4,100,0,100
279,50,65,0,0,100,0,0,100,20,0,100,0,75,100,0,100,0,0,0,0,100,95,95,100,100,0,0,0,0,100,7,100,100,100,35,100,100,100,27,100,100,100,0,0,100
280,0,75,35,20,100,0,0,100,20,0,100,0,0,100,0,100,0,50,0,100,0,0,10,0,0,0,0,0,0,99,0,10,58,48,0,48,0,100,100,100,100,24,100,0,0
281,20,75,0,100,100,20,0,100,20,0,100,35,0,100,0,100,65,0,0,100,0,3,36,0,0,0,100,0,0,75,11,100,39,75,20,100,67,100,100,38,100,93,100,0,100
282,0,75,0,0,100,100,0,50,20,0,100,0,35,100,100,100,20,0,0,100,100,95,98,0,100,0,100,0,0,100,79,100,100,90,42,100,100,100,100,100,100,100,100,0,100
283,50,75,75,0,100,75,100,100,75,0,100,100,100,100,0,100,100,0,100,100,100,22,79,0,0,0,100,0,0,76,20,0,100,34,39,88,0,100,100,100,100,75,100,0,0
284,75,75,0,100,100,0,0,100,35,0,100,0,0,100,0,20,35,0,100,100,100,88,99,100,100,0,100,0,0,99,4,74,100,66,74,100,50,100,100,100,100,100,100,0,100
285,0,75,0,0,100,0,0,100,20,0,100,0,0,100,0,100,0,0,0,100,100,55,89,100,100,0,100,0,0,97,59,88,13,58,43,100,43,100,100,100,100,100,100,0,0
286,0,0,100,100,100,100,75,100,75,50,100,0,100,100,0,100,100,0,100,0,100,100,100,100,100,0,100,0,0,100,7,100,100,100,100,62,43,100,41,100,100,100,0,0,100
287,0,0,100,100,100,100,50,50,75,0,100,0,100,100,0,100,100,0,100,100,100,54,97,0,100,0,0,0,0,100,54,100,100,67,75,100,58,100,100,100,100,100,100,0,100
288,0,75,75,100,100,100,0,100,75,0,100,0,35,100,0,100,75,0,100,100,100,69,95,100,100,0,100,0,0,98,73,27,100,75,41,100,100,100,100,100,100,97,100,0,0
289,100,75,35,100,100,0,0,100,35,0,100,100,75,100,0,100,100,50,0,100,100,97,99,0,100,0,100,0,0,100,96,100,100,100,88,100,26,100,100,100,100,100,100,0,0
290,75,65,0,0,100,0,0,0,35,0,100,0,75,100,0,100,35,0,0,100,100,42,80,0,0,0,100,0,0,21,37,58,100,100,34,100,58,100,100,100,100,100,100,0,0
291,100,75,100,100,100,100,0,50,100,0,100,100,100,100,0,100,65,0,100,100,100,43,92,0,100,0,100,0,0,94,100,74,74,29,32,100,57,100,100,100,100,100,100,0,100
292,100,75,50,0,100,20,0,100,65,0,100,35,75,100,0,100,100,0,0,100,100,76,86,0,0,0,0,0,0,100,53,74,100,87,23,16,9,100,100,100,100,99,100,0,100
293,0,75,0,0,100,50,20,100,35,0,100,0,100,100,0,100,20,0,0,100,100,52,87,0,100,0,0,0,0,13,81,100,100,100,62,100,0,100,100,100,100,4,100,0,100
294,0,75,0,100,100,0,0,100,35,0,100,20,35,100,0,100,100,0,0,100,100,86,99,0,100,0,0,0,0,100,28,100,72,52,100,72,23,100,100,100,100,99,100,0,100
295,100,75,65,100,100,0,0,100,35,0,100,0,35,100,0,100,0,0,0,0,100,21,67,0,0,0,0,0,0,100,23,100,100,58,18,100,24,100,24,100,100,97,100,0,0
296,100,75,0,0,100,20,0,100,65,0,100,35,75,100,0,100,75,0,0,100,100,83,96,0,100,0,100,0,0,98,0,100,100,74,45,0,0,100,100,100,100,23,100,0,100
297,0,75,0,20,100,20,100,100,35,0,100,100,75,100,0,100,0,0,0,100,0,100,100,100,0,0,0,0,0,100,52,100,100,100,100,100,100,100,50,100,100,100,100,0,100
298,0,75,0,0,100,0,0,100,20,0,100,35,100,100,0,35,20,0,0,100,100,59,87,0,100,0,100,0,0,81,2,43,100,100,39,100,48,100,67,100,100,62,100,0,0
299,100,65,65,100,100,100,0,100,75,0,100,100,100,100,100,100,65,0,100,100,0,29,69,0,0,0,0,0,0,100,15,74,41,88,24,100,32,100,100,100,100,0,100,0,0
300,50,75,0,0,0,75,0,100,35,0,100,0,100,100,0,100,20,0,0,0,0,0,0,0,0,0,0,0,0,0,0,0,0,0,0,0,0,0,0,0,0,0,0,0,0
301,0,75,0,0,100,0,0,100,35,0,100,35,75,100,0,100,100,0,0,100,100,82,99,0,100,0,100,0,0,60,54,48,100,74,41,15,0,100,100,74,100,60,100,0,100
302,0,0,65,100,100,100,20,0,35,0,100,0,35,100,0,100,75,50,100,100,100,37,52,100,0,0,100,0,0,30,73,57,100,75,100,58,41,100,48,100,100,100,100,0,0
303,0,75,100,100,100,50,20,100,75,0,100,100,75,100,0,100,35,0,100,100,0,100,100,100,0,0,100,0,0,100,25,100,100,100,75,100,100,100,45,100,100,100,100,0,100
304,0,75,0,0,100,50,0,0,35,0,100,0,0,100,0,100,65,0,0,100,100,11,55,0,0,0,100,0,0,25,0,38,100,58,4,58,0,100,0,100,58,2,100,0,0
305,75,75,0,0,100,0,0,0,20,0,100,0,75,100,0,100,20,50,0,100,0,76,92,0,100,0,100,0,0,99,2,100,100,100,75,100,9,100,100,100,100,99,100,0,0
306,75,75,0,0,100,0,0,100,35,0,100,0,100,100,100,35,0,0,0,100,0,26,74,0,0,0,100,0,0,66,44,0,20,90,42,1,0,87,73,100,100,78,0,0,100
307,0,75,0,0,100,0,0,100,35,0,100,35,0,100,0,100,0,50,0,100,100,33,64,0,0,0,100,0,0,83,60,100,100,100,67,100,100,100,100,100,100,100,100,0,0
308,75,75,50,20,100,0,0,100,20,0,100,0,75,100,0,100,0,75,0,0,100,100,100,100,100,0,100,0,0,100,15,100,100,100,75,100,58,75,72,100,100,100,0,0,100
309,0,75,100,100,100,75,20,100,65,0,100,0,100,100,0,100,0,0,100,0,100,100,100,100,100,0,100,0,0,100,34,100,100,100,100,100,100,100,100,73,100,100,100,0,100
310,50,75,0,35,100,50,50,100,35,0,100,0,35,100,0,100,0,0,0,100,100,7,23,100,0,0,0,0,0,19,15,75,100,87,6,100,100,100,100,100,84,89,0,0,0
311,100,75,100,0,100,0,0,100,75,0,100,0,35,100,0,100,65,0,100,100,100,96,99,100,0,0,100,0,0,100,100,46,100,100,100,100,100,100,100,100,100,100,100,0,100
312,100,65,20,0,100,100,0,100,35,0,100,35,0,100,0,100,50,0,0,100,100,70,87,0,0,0,100,0,0,100,38,38,100,75,25,0,0,100,100,100,100,90,100,0,100
313,0,75,0,0,100,0,0,100,20,0,100,100,100,100,0,100,75,50,0,100,100,23,46,100,100,0,0,0,0,100,8,49,40,100,62,100,100,100,77,100,62,100,100,0,100
314,0,0,100,100,100,100,0,100,65,0,100,0,35,100,0,100,50,0,100,0,100,100,100,100,0,0,100,0,0,99,34,100,100,100,100,88,58,88,75,100,100,100,0,0,100
315,0,0,0,100,100,0,0,100,35,0,100,0,75,100,0,100,0,0,0,100,100,37,77,100,0,0,100,0,0,49,26,65,65,100,29,74,46,100,100,100,87,100,100,0,100
316,75,75,0,0,100,0,0,50,0,0,100,0,35,100,100,100,0,0,0,100,0,4,46,0,0,0,100,0,0,2,3,100,100,50,12,100,100,100,27,100,100,99,0,0,100
317,20,75,0,0,100,0,0,100,20,0,100,0,0,100,0,35,0,0,100,100,100,71,96,0,100,0,0,0,0,97,18,100,100,78,63,100,100,100,100,100,100,100,100,0,100
318,100,75,65,0,100,0,0,100,35,0,100,0,75,100,0,100,0,75,0,100,0,2,25,0,0,0,100,0,0,69,92,88,9,42,43,50,22,100,100,100,100,93,100,0,100
319,0,75,75,100,100,100,75,100,75,0,100,35,100,100,0,100,75,75,100,100,100,16,37,0,0,0,100,0,0,84,14,100,46,67,0,100,58,100,100,100,100,97,0,0,0
320,50,75,75,0,100,75,75,100,65,0,100,0,100,100,0,100,20,50,0,100,100,97,99,0,100,0,0,0,0,99,56,100,100,67,75,100,34,100,100,100,100,100,100,0,0
321,50,75,0,20,100,0,0,100,20,0,100,100,0,100,0,100,50,0,0,100,0,14,47,0,0,0,100,0,0,99,1,100,41,71,46,41,37,100,15,100,100,86,100,0,0
322,100,75,20,100,100,50,0,100,50,0,100,100,100,100,0,100,100,0,0,0,100,100,100,100,0,0,0,0,0,100,97,100,100,100,100,100,100,100,100,100,100,100,100,0,100
323,20,65,0,100,100,0,0,100,35,0,100,35,0,100,0,100,35,0,0,100,0,16,51,0,0,0,100,0,0,87,31,44,35,48,41,79,38,1,32,100,82,93,0,0,0
324,75,65,0,20,100,0,0,100,20,0,100,0,0,100,0,100,50,0,0,100,100,28,53,0,0,0,0,0,0,89,28,100,100,82,29,100,100,100,100,100,85,100,0,0,100
325,0,75,0,20,100,0,0,100,20,0,100,20,35,100,0,100,50,50,0,100,0,2,21,0,0,0,100,0,0,13,22,100,42,72,16,100,44,100,44,100,100,98,0,0,100
326,100,75,0,0,100,0,0,100,35,0,100,0,75,100,0,100,0,0,0,0,0,0,0,0,0,0,0,0,0,0,0,0,0,0,0,0,0,0,0,0,0,0,0,0,0
327,100,0,100,100,100,50,0,0,100,0,100,0,75,100,0,100,100,0,100,100,0,10,91,0,0,0,0,0,0,87,50,48,59,59,75,75,38,100,100,100,100,100,100,0,0
328,100,75,65,0,100,0,0,100,50,0,100,0,75,100,0,100,35,75,0,100,100,100,100,100,100,0,100,0,0,100,13,100,100,100,100,83,33,100,85,100,100,100,100,0,100
329,100,75,50,35,100,0,0,100,75,0,100,20,75,100,0,100,100,0,0,0,100,100,100,100,100,0,0,0,0,100,97,100,100,100,100,100,100,100,100,100,100,100,100,0,100
330,0,75,100,100,100,100,100,100,100,100,100,0,100,100,0,100,100,0,100,100,0,31,80,0,100,0,0,0,0,99,96,63,68,63,100,47,44,100,100,100,100,100,100,0,100
331,0,75,0,0,100,0,0,50,35,0,100,35,100,100,0,35,35,75,100,100,100,76,96,100,100,0,100,0,0,86,100,100,100,100,74,100,40,100,100,100,100,100,100,0,100
332,100,75,0,0,100,20,0,100,20,0,100,0,75,100,0,100,0,0,0,100,0,25,60,0,0,0,100,0,0,100,0,100,100,40,0,0,0,30,100,100,100,0,100,0,100
333,100,75,100,35,100,100,50,0,100,0,100,100,100,100,0,100,100,100,100,100,100,11,43,100,0,0,100,0,0,90,34,100,100,67,38,38,25,100,100,100,87,12,100,0,0
334,100,75,35,0,100,0,0,100,20,0,100,0,75,100,0,100,0,0,0,100,100,97,100,0,100,0,100,0,0,100,78,100,100,67,100,100,58,100,87,100,100,100,100,0,100
335,50,0,0,0,100,100,0,100,20,0,100,0,0,100,0,100,20,0,0,100,100,81,86,0,0,0,0,0,0,100,94,100,100,48,40,74,50,100,100,100,100,100,100,0,0
336,0,0,50,35,100,50,0,100,35,0,100,0,75,100,0,100,20,0,100,0,100,87,98,100,100,0,100,0,0,100,1,88,100,63,100,45,0,36,45,100,100,99,100,0,0
337,0,75,100,100,100,100,0,100,50,0,100,0,75,100,100,100,20,0,100,100,0,8,44,0,0,0,100,0,0,98,21,100,56,44,23,0,0,100,100,100,100,63,100,0,0
338,35,65,0,0,100,0,0,0,20,0,100,0,0,100,0,35,20,0,0,100,100,8,26,0,0,0,100,0,0,27,16,58,46,62,12,100,100,68,69,100,100,98,0,0,100
339,0,65,50,35,100,0,50,50,35,0,100,0,100,100,0,100,0,75,0,100,100,35,80,0,0,0,0,0,0,90,77,84,100,48,50,100,0,100,100,100,100,54,100,0,0
340,0,65,0,0,100,20,0,100,20,0,100,20,100,100,0,100,20,0,0,100,0,5,20,0,0,0,100,0,0,96,17,100,35,48,0,74,20,50,100,100,100,42,0,0,0
341,75,75,0,20,100,0,0,100,65,0,100,0,100,100,0,35,65,50,0,0,100,100,100,100,100,0,100,0,0,100,9,100,100,100,88,67,43,100,53,100,100,100,0,0,100
342,50,75,0,0,100,75,0,100,50,0,100,35,35,100,0,100,65,0,0,100,0,99,100,100,100,0,100,0,0,100,6,100,100,50,66,100,100,100,100,42,100,100,100,0,100
343,100,0,100,100,100,50,75,100,50,0,100,0,100,100,100,100,0,0,100,100,100,12,38,100,0,0,0,0,0,46,20,67,100,100,44,100,98,100,100,100,100,98,0,0,0
344,50,75,0,0,100,0,0,100,0,0,100,0,0,100,0,100,0,0,0,100,100,24,68,0,0,0,100,0,0,45,25,100,89,59,38,100,100,100,100,100,100,100,100,0,0
345,0,75,100,0,100,50,75,100,75,0,100,0,100,0,0,100,75,100,100,0,0,0,0,0,0,0,0,0,0,0,0,0,0,0,0,0,0,0,0,0,0,0,0,0,0
346,75,75,0,0,100,75,0,100,20,0,100,0,75,100,0,100,0,0,0,100,0,6,35,100,0,0,100,0,0,99,11,43,100,66,0,0,0,100,100,12,100,6,0,0,0
347,50,75,0,35,100,0,75,100,35,0,100,100,75,100,0,100,100,0,0,100,0,5,38,0,100,0,100,0,0,22,1,0,0,36,10,100,84,100,100,100,100,7,0,0,0
348,0,65,0,0,100,50,0,100,20,0,100,0,75,100,0,100,35,0,100,100,100,0,9,100,0,0,100,0,0,7,4,100,46,87,19,0,0,100,100,66,97,28,0,0,100
349,0,0,100,100,100,100,100,50,100,0,100,0,100,100,0,100,100,0,100,100,100,59,70,0,0,0,100,0,0,100,17,40,100,84,21,0,0,100,100,100,100,51,100,0,0
350,20,75,0,0,100,50,0,100,35,0,100,35,0,100,0,100,75,0,0,100,0,9,37,100,100,0,100,0,0,70,37,74,66,59,0,100,100,100,100,100,87,12,0,0,0
351,0,75,0,0,100,20,0,100,35,0,100,0,100,100,0,100,50,0,0,100,100,78,97,0,100,0,100,0,0,86,16,100,88,87,20,46,31,100,100,100,100,100,100,0,100
352,50,75,0,0,100,0,75,100,35,0,100,100,75,100,0,100,35,0,0,100,100,94,96,0,0,0,0,0,0,100,10,100,100,100,32,75,40,100,100,100,100,100,100,0,100
353,100,75,50,0,100,0,0,100,35,0,100,0,100,100,0,100,35,0,0,100,100,12,79,0,100,0,100,0,0,8,52,0,0,88,50,100,67,100,100,100,100,0,100,0,0
354,0,75,0,100,100,75,0,50,35,0,100,35,75,100,0,35,35,0,0,0,0,100,100,100,0,0,100,0,0,100,6,100,100,100,100,100,43,100,47,100,100,100,100,0,100
355,50,35,0,0,100,0,0,0,0,0,100,100,0,100,100,35,75,0,0,100,100,17,79,0,0,0,100,0,0,72,35,31,46,75,39,100,75,88,100,100,100,98,100,0,100
356,0,0,0,0,0,50,0,50,20,0,100,0,0,100,0,100,75,0,0,0,0,0,0,0,0,0,0,0,0,0,0,0,0,0,0,0,0,0,0,0,0,0,0,0,0
357,50,75,0,20,100,0,0,100,20,0,100,35,0,100,0,100,35,0,0,0,0,0,0,0,0,0,0,0,0,0,0,0,0,0,0,0,0,0,0,0,0,0,0,0,0
358,50,75,0,0,100,75,0,0,0,0,100,20,75,100,0,100,0,0,0,100,0,3,45,0,0,0,100,0,0,5,10,9,0,62,31,0,0,100,100,100,100,0,0,0,0
359,20,75,0,0,100,75,0,100,35,0,100,100,100,100,0,100,35,0,0,100,0,99,100,0,100,0,100,0,0,100,98,85,100,100,48,100,72,100,100,100,100,100,100,0,100
360,100,75,50,35,100,100,0,100,35,0,100,0,75,100,0,35,100,0,100,100,100,11,33,0,100,0,100,0,0,4,11,100,100,87,22,87,50,100,100,100,100,99,0,0,0
361,100,75,50,0,100,75,0,100,65,0,100,0,100,100,0,35,100,0,0,100,0,26,49,0,100,0,0,0,0,67,38,100,100,100,35,86,47,100,100,100,100,99,100,0,100
362,35,75,0,0,100,0,0,100,0,0,100,0,0,100,0,100,35,0,0,100,100,6,27,0,0,0,100,0,0,4,27,100,50,46,34,100,100,100,100,100,100,91,100,0,0
363,0,75,0,0,100,75,100,100,35,0,100,100,100,100,0,100,50,0,100,0,100,100,100,100,0,0,0,0,0,100,92,100,100,100,88,88,88,50,46,100,100,100,100,0,100
364,0,75,0,0,100,100,0,100,20,0,100,0,0,100,0,100,65,0,0,100,100,0,11,0,0,0,100,0,0,26,5,100,31,36,31,100,31,100,100,100,100,99,0,0,100
365,0,75,0,0,100,0,0,100,20,0,100,0,100,100,0,100,35,0,0,100,0,12,32,0,100,0,100,0,0,73,47,88,100,79,37,100,100,100,100,100,79,98,100,0,100
366,0,75,0,0,100,0,0,100,35,0,100,0,75,100,0,100,0,0,0,100,100,0,0,0,0,0,100,0,0,5,16,0,100,61,4,48,0,36,100,100,100,0,0,0,100
367,0,65,0,100,100,0,0,50,20,0,100,100,0,100,0,100,100,0,0,100,100,100,100,0,100,0,0,0,0,0,100,100,100,88,100,100,46,100,100,100,100,100,100,0,100
368,35,75,0,0,100,0,0,100,35,0,100,0,75,100,0,100,0,0,0,100,100,53,67,0,0,0,0,0,0,100,79,100,100,66,46,100,100,100,67,100,100,100,0,0,0
369,0,75,100,0,100,75,20,50,50,0,100,0,100,100,0,100,65,100,100,0,0,0,0,0,0,0,0,0,0,0,0,0,0,0,0,0,0,0,0,0,0,0,0,0,0
370,100,75,35,100,100,20,0,100,65,0,100,35,75,100,0,100,35,50,0,100,0,25,59,100,0,0,100,0,0,2,39,88,74,50,33,100,100,100,100,100,88,100,100,0,0
371,20,75,0,0,100,0,0,100,0,0,100,100,0,100,0,100,20,0,0,0,0,0,0,0,0,0,0,0,0,0,0,0,0,0,0,0,0,0,0,0,0,0,0,0,0
372,0,75,0,0,100,0,0,100,0,0,100,0,75,100,100,100,35,0,0,100,100,6,33,100,0,0,100,0,0,34,17,74,100,66,36,100,100,100,100,100,69,90,0,0,100
373,20,75,0,0,100,0,0,100,20,0,100,0,100,100,0,100,50,0,0,100,100,63,82,100,100,0,100,0,0,100,54,100,100,91,47,100,100,100,100,100,100,100,100,0,0
374,0,75,100,0,100,100,75,100,65,0,100,0,75,100,0,100,35,100,0,0,100,100,99,100,100,0,0,0,0,100,93,100,100,100,63,100,100,100,100,100,100,100,100,0,100
375,0,0,50,100,100,75,0,100,50,0,100,0,0,100,0,100,100,0,100,100,0,94,98,100,0,0,0,0,0,98,71,100,100,100,67,100,100,100,100,100,100,100,100,0,0
376,50,75,0,0,100,0,0,100,20,0,100,0,35,100,0,100,0,0,100,100,100,90,95,0,100,0,100,0,0,89,67,100,100,88,46,35,0,100,100,100,100,95,100,0,100
377,75,75,0,100,100,100,0,100,35,0,100,35,0,100,0,100,35,0,0,0,0,100,100,100,100,0,100,0,0,100,41,66,100,100,100,100,81,100,100,100,100,100,100,0,100
378,0,0,0,0,100,0,0,100,20,0,100,0,75,100,0,35,0,0,0,0,100,100,100,100,0,0,0,0,0,100,99,100,100,100,100,100,100,100,100,100,100,100,100,0,100
379,75,75,0,0,100,0,0,100,20,0,100,100,0,100,0,100,50,0,0,0,100,98,99,100,100,0,0,0,0,100,91,100,100,100,67,100,100,100,82,100,100,100,100,0,100
380,50,75,35,100,100,50,0,100,75,0,100,35,75,100,0,100,50,0,100,100,100,5,26,0,0,0,100,0,0,4,96,100,100,75,38,100,79,100,100,100,100,100,0,0,100
381,75,65,20,0,100,50,0,100,50,0,100,0,35,100,0,100,35,0,0,100,0,15,58,0,0,0,100,0,0,99,0,48,100,0,7,45,0,0,37,100,78,0,100,0,0
382,50,75,65,100,100,0,0,100,75,0,100,100,35,100,0,100,75,75,100,100,100,47,64,100,100,0,100,0,0,99,49,100,100,88,17,100,100,100,100,100,100,100,100,0,100
383,0,75,20,0,100,100,50,100,35,0,100,100,75,100,0,100,35,75,100,100,0,100,100,100,100,0,100,0,0,100,29,100,100,88,75,88,75,100,49,100,100,100,100,0,100
384,0,75,100,100,100,100,100,100,100,100,100,0,75,100,0,100,100,100,100,100,100,100,100,0,0,0,0,0,0,100,9,100,100,88,50,100,100,100,100,100,100,100,100,0,100
385,100,75,75,20,100,100,0,100,65,0,100,20,75,100,0,100,20,100,0,0,100,100,100,100,100,0,0,0,0,100,91,100,100,100,100,100,100,100,100,100,100,100,0,0,100
386,75,75,0,0,100,0,0,100,20,0,100,100,0,100,0,100,50,0,0,100,100,72,96,100,0,0,0,0,0,97,76,100,100,100,88,100,100,100,100,100,100,100,100,0,0
387,75,75,75,100,100,0,0,100,75,0,100,100,100,100,0,100,75,75,100,100,100,90,95,100,100,0,0,0,0,100,67,100,88,88,50,100,100,100,100,100,100,100,100,0,100
388,0,75,100,35,100,100,75,100,75,0,100,0,75,100,0,100,35,75,100,100,0,44,70,100,0,0,100,0,0,97,0,38,100,100,50,100,0,100,100,100,100,62,100,0,100
389,100,75,100,100,0,50,0,100,75,0,100,0,75,100,0,100,75,100,0,0,0,0,0,0,0,0,0,0,0,0,0,0,0,0,0,0,0,0,0,0,0,0,0,0,0
390,75,65,0,35,100,100,20,100,50,0,100,0,35,100,0,100,100,0,100,100,100,86,95,0,100,0,100,0,0,95,0,29,100,87,39,100,19,100,100,100,100,94,100,0,0
391,75,75,0,0,100,100,0,100,35,0,100,35,35,100,0,100,0,75,0,0,100,98,99,100,100,0,100,0,0,99,65,100,100,100,67,100,100,100,100,100,100,100,100,0,100
392,0,35,20,20,100,75,0,100,75,0,100,0,75,100,0,100,100,0,100,0,100,100,100,100,0,0,100,0,0,100,2,100,100,100,100,100,0,100,44,100,100,100,100,0,100
393,0,75,75,20,100,100,0,100,100,0,100,0,35,100,0,100,100,0,100,0,100,3,19,0,0,0,0,0,0,100,85,100,100,100,46,100,75,100,87,100,100,100,0,0,100
394,0,0,100,100,100,100,75,100,75,50,100,0,100,100,0,100,100,0,100,100,100,2,15,0,0,0,100,0,0,3,88,100,88,75,38,100,83,100,100,100,100,100,0,0,100
395,100,75,0,0,100,0,0,100,20,0,100,100,75,100,0,100,50,75,0,100,100,91,99,0,0,0,0,0,0,100,4,100,100,100,100,88,43,100,61,100,100,100,100,0,0
396,100,75,100,100,100,75,100,100,75,50,100,0,0,100,0,100,100,100,100,0,100,100,100,100,100,0,100,0,0,100,71,100,100,100,100,100,100,62,46,100,100,100,0,0,100
397,0,75,100,35,100,100,75,100,75,0,100,0,75,100,0,100,100,100,100,100,0,30,60,0,0,0,0,0,0,2,0,0,67,41,12,82,0,10,100,100,100,32,100,0,0
398,0,75,100,35,100,50,100,0,65,0,100,0,100,100,0,100,35,100,100,0,0,0,0,0,0,0,0,0,0,0,0,0,0,0,0,0,0,0,0,0,0,0,0,0,0
399,20,75,35,100,100,50,0,100,75,0,100,35,35,100,0,100,50,0,100,100,100,4,22,0,0,0,100,0,0,2,75,100,92,65,40,100,75,100,100,100,100,100,0,0,100
400,50,75,50,100,100,50,0,100,75,0,100,35,100,100,0,100,50,0,100,0,100,100,100,100,100,0,0,0,0,100,1,100,100,100,100,0,0,100,99,100,100,99,0,0,100
401,75,75,0,100,100,75,0,100,35,0,100,0,75,100,0,100,20,0,0,100,100,43,93,0,100,0,100,0,0,98,0,100,100,50,44,100,0,100,44,50,100,88,100,0,0
402,0,65,0,100,100,75,0,0,20,0,100,0,0,100,0,35,0,0,0,100,100,34,88,0,0,0,100,0,0,100,96,100,100,49,62,100,100,100,100,100,100,100,100,0,100
403,75,75,0,100,100,20,0,100,35,0,100,0,35,100,0,100,0,75,0,100,100,70,86,0,100,0,0,0,0,100,100,100,74,100,44,100,87,87,100,100,100,100,0,0,0
404,0,75,100,100,100,100,100,100,75,50,100,0,100,100,0,100,65,100,100,100,100,14,44,0,0,0,0,0,0,83,50,61,67,80,34,100,37,100,100,100,100,99,100,0,0
405,0,75,20,0,100,75,20,100,50,0,100,0,0,100,0,100,50,0,0,100,100,100,100,0,100,0,100,0,0,100,96,25,100,88,100,100,34,100,100,100,100,100,100,0,100
406,75,75,0,100,100,0,0,100,35,50,100,100,0,100,0,100,65,0,0,100,100,8,48,100,100,0,100,0,0,90,1,88,11,100,35,100,49,100,100,100,100,87,100,0,100
407,0,75,0,100,100,100,0,100,75,0,100,0,75,100,0,100,35,0,0,100,100,29,73,0,0,0,100,0,0,95,59,100,100,75,67,88,48,100,100,100,100,100,100,0,100
408,100,75,100,0,0,0,75,0,50,0,100,100,100,100,0,100,65,100,100,100,100,63,76,0,0,0,0,0,0,99,43,100,100,67,31,100,100,100,100,100,100,100,100,0,100
409,35,75,0,0,100,0,0,0,20,0,100,100,0,100,0,100,100,0,0,0,0,0,0,0,0,0,0,0,0,0,0,0,0,0,0,0,0,0,0,0,0,0,0,0,0
410,0,75,100,35,100,100,50,50,100,0,100,0,75,100,0,100,100,0,100,100,100,48,62,0,0,0,0,0,0,99,45,100,100,67,31,100,100,100,100,100,100,100,100,0,100
411,0,75,0,100,100,20,20,100,35,0,100,35,0,100,0,35,75,0,0,100,100,43,92,0,100,0,0,0,0,46,100,67,20,50,100,100,0,100,100,100,100,99,100,0,100
412,0,75,0,0,100,20,0,50,20,0,100,0,0,100,0,100,35,0,0,100,100,9,32,0,0,0,100,0,0,70,46,42,18,49,30,29,0,100,100,100,77,71,100,0,0
413,0,75,0,0,0,0,0,100,20,0,100,0,75,100,0,100,0,0,0,100,100,99,97,100,0,0,0,0,0,100,100,100,100,100,42,100,100,100,100,100,100,100,100,0,100
414,100,75,65,20,100,0,0,100,35,0,100,0,75,100,0,100,0,0,0,100,100,93,95,100,100,0,0,0,0,100,71,100,100,100,88,100,100,100,100,100,100,100,100,0,100
415,75,75,0,35,100,75,0,100,35,0,100,0,75,100,0,100,20,0,0,100,100,35,71,0,0,0,100,0,0,100,63,100,100,87,48,100,87,100,100,100,100,100,100,0,100
416,0,0,0,0,100,0,0,100,35,0,100,20,0,100,0,100,35,0,0,100,0,37,76,0,0,0,0,0,0,85,40,34,0,58,43,100,0,100,100,100,100,43,100,0,0
417,0,75,20,0,100,0,0,100,20,0,100,0,0,0,0,100,0,75,0,100,100,44,74,100,100,0,100,0,0,49,49,74,42,100,87,100,64,100,100,100,100,100,0,0,100
418,0,75,100,100,0,100,75,100,75,0,100,0,75,100,0,100,75,75,0,100,100,48,86,100,100,0,100,0,0,57,77,100,100,43,55,100,100,100,100,100,100,100,100,0,0
419,75,75,0,0,100,0,0,100,35,0,100,0,75,100,0,100,0,0,0,100,100,41,75,100,0,0,0,0,0,100,83,100,100,71,36,100,100,100,100,100,100,89,100,0,100
420,0,20,0,35,100,0,0,100,50,0,100,0,0,100,0,100,65,0,100,0,0,0,0,0,0,0,0,0,0,0,0,0,0,0,0,0,0,0,0,0,0,0,0,0,0
421,0,50,35,20,100,75,75,100,35,0,100,35,100,100,0,100,50,0,100,100,100,4,29,0,0,0,100,0,0,81,75,40,100,62,28,46,0,100,100,100,100,43,100,0,0
422,0,75,0,0,100,100,0,100,35,0,100,0,75,100,0,100,35,0,0,0,0,0,0,0,0,0,0,0,0,0,0,0,0,0,0,0,0,0,0,0,0,0,0,0,0
423,75,75,0,0,100,0,0,100,20,0,100,0,75,100,0,100,0,0,0,100,100,8,29,0,0,0,0,0,0,77,99,48,33,50,50,100,29,100,100,100,100,100,100,0,0
424,100,75,50,35,100,50,50,100,65,0,100,0,75,100,0,100,50,0,0,100,100,100,100,0,100,0,100,0,0,100,4,100,100,81,100,100,33,100,50,100,100,100,100,0,100
425,100,75,0,20,100,50,75,100,75,0,100,0,0,100,0,100,65,0,0,0,100,100,100,100,0,0,100,0,0,100,79,100,100,100,100,88,88,100,57,100,100,100,100,0,100
426,75,65,0,35,100,0,0,100,20,0,100,0,0,100,0,100,65,0,0,100,100,80,87,0,0,0,0,0,0,100,63,100,100,75,48,100,75,100,100,100,100,100,0,0,0
427,75,75,0,20,100,0,0,100,50,0,100,0,75,100,0,100,35,0,0,100,0,98,98,0,100,0,100,0,0,100,71,100,100,80,80,100,51,100,43,100,100,100,0,0,100
428,100,75,20,100,100,0,0,100,65,0,100,0,35,100,0,100,50,0,0,100,0,23,49,0,0,0,0,0,0,100,71,100,73,86,46,100,100,100,100,100,100,100,0,0,0
429,100,75,50,0,100,0,0,100,20,0,100,0,75,100,0,100,0,50,0,0,0,0,0,0,0,0,0,0,0,0,0,0,0,0,0,0,0,0,0,0,0,0,0,0,0
430,100,75,75,100,100,100,50,100,100,0,100,100,100,100,0,100,100,100,100,0,0,0,0,0,0,0,0,0,0,0,0,0,0,0,0,0,0,0,0,0,0,0,0,0,0
431,100,75,65,100,100,75,50,100,100,0,100,100,100,100,0,100,100,100,100,100,100,42,82,0,0,0,100,0,0,99,100,75,100,75,37,2,0,100,100,100,100,67,0,0,100
432,75,75,50,100,100,20,0,100,65,0,100,0,75,100,0,100,35,0,50,100,100,63,83,100,0,0,100,0,0,99,57,100,100,100,75,100,100,100,100,100,100,100,100,0,100
433,0,65,0,0,100,0,0,100,20,0,100,0,0,100,0,100,20,0,0,0,0,0,0,0,0,0,0,0,0,0,0,0,0,0,0,0,0,0,0,0,0,0,0,0,0
434,75,75,0,100,100,100,0,100,20,0,100,0,0,100,0,100,20,0,0,100,0,2,10,0,0,0,0,0,0,93,3,100,100,75,100,58,25,100,100,100,100,100,100,0,0
435,100,75,0,100,100,0,0,100,35,0,100,100,75,100,0,100,100,0,0,100,100,94,100,0,100,0,100,0,0,100,69,100,100,44,100,100,87,100,100,100,100,100,100,0,100
436,0,75,65,100,100,75,100,100,75,100,100,0,0,100,0,100,100,75,100,100,100,12,34,0,0,0,0,0,0,100,11,100,100,64,24,100,50,59,87,100,100,95,0,0,100
437,0,75,0,35,100,0,0,100,75,0,100,0,75,100,0,100,65,0,0,100,100,22,46,0,0,0,100,0,0,96,2,100,36,48,10,100,50,76,100,100,100,95,100,0,0
438,0,75,0,0,100,0,0,50,20,0,100,35,0,100,0,100,0,0,0,100,0,2,23,0,0,0,0,0,0,11,0,100,50,41,0,100,100,21,100,100,87,3,100,0,0
439,0,75,0,0,0,0,0,100,20,0,100,20,75,100,100,35,35,0,0,0,100,100,100,0,0,0,0,0,0,100,62,100,100,100,100,100,100,100,100,100,100,100,100,0,100
440,75,75,0,0,100,0,0,100,20,0,100,0,75,100,0,100,0,0,0,100,0,99,100,100,0,0,0,0,0,95,92,0,100,100,48,25,9,100,45,100,100,100,100,0,100
441,0,75,100,100,100,100,100,100,100,100,100,0,100,100,0,100,100,0,100,0,100,3,19,0,0,0,100,0,0,100,10,100,100,86,9,45,43,100,57,100,100,100,100,0,0
442,50,75,0,20,100,0,0,100,35,0,100,20,75,100,0,100,0,0,0,100,0,31,73,0,0,0,100,0,0,64,0,76,76,30,23,76,32,0,72,100,76,83,100,0,0
443,0,0,75,100,100,100,100,100,75,50,100,0,0,100,0,100,35,0,50,100,100,0,10,100,0,0,100,0,0,22,96,88,88,100,51,100,100,100,66,100,100,100,0,0,100
444,75,75,0,0,100,20,0,100,35,0,100,20,75,100,0,35,100,0,0,100,100,14,45,0,0,0,100,0,0,96,1,24,100,64,9,44,0,100,100,100,100,33,0,0,0
445,0,65,0,35,100,0,0,100,0,0,100,0,0,100,0,35,35,0,0,100,100,13,35,100,0,0,100,0,0,95,29,100,100,100,30,100,66,100,100,100,75,100,100,0,100
446,100,75,35,100,100,0,0,100,65,0,100,35,75,100,0,100,35,0,0,100,100,77,85,100,100,0,0,0,0,100,89,100,100,100,75,100,100,75,100,100,100,100,100,0,0
447,50,75,0,20,100,0,0,100,20,0,100,0,75,100,0,100,0,0,0,100,0,14,65,100,0,0,100,0,0,63,20,100,87,66,24,100,100,100,100,100,100,100,100,0,0
448,50,35,0,0,100,0,0,50,0,0,100,0,35,100,0,35,0,0,0,100,100,77,98,0,100,0,0,0,0,100,80,100,100,71,62,0,0,100,100,100,100,45,100,0,0
449,100,75,100,35,100,100,100,100,100,100,100,0,100,100,0,100,100,0,100,100,100,72,83,100,0,0,100,0,0,98,26,100,32,81,45,100,0,100,100,100,100,98,0,0,0
450,75,65,0,20,100,0,0,0,35,0,100,0,35,100,0,100,35,0,0,0,100,100,100,100,0,0,0,0,0,100,100,100,100,100,100,100,100,100,100,100,100,100,100,0,100
451,50,75,0,0,100,0,0,0,20,0,100,0,0,100,0,100,0,0,0,100,0,6,32,0,0,0,100,0,0,67,48,48,0,55,0,0,0,100,0,100,100,0,0,0,100
452,50,35,0,100,0,50,0,100,35,0,100,0,100,100,0,100,65,0,0,100,100,80,100,0,100,0,0,0,0,99,100,67,100,100,75,100,50,100,100,100,100,100,100,0,100
453,50,65,0,0,100,0,0,100,20,0,100,20,0,100,0,100,35,0,0,100,0,100,100,100,0,0,0,0,0,100,100,100,100,100,100,100,100,100,100,100,100,100,100,0,100
454,0,65,0,0,100,0,0,50,0,0,100,0,35,100,0,35,0,0,0,100,100,14,49,0,0,0,100,0,0,100,1,100,67,50,5,100,46,100,93,100,100,48,100,0,0
455,100,75,0,35,100,0,0,100,75,0,100,20,35,100,0,100,75,0,0,100,100,59,74,100,0,0,0,0,0,57,27,100,100,67,36,100,88,100,100,100,100,100,100,0,100
456,20,75,0,20,100,0,0,100,35,0,100,100,75,100,100,100,75,0,0,100,100,37,72,100,0,0,0,0,0,99,69,100,100,100,64,100,100,100,75,100,100,100,100,0,100
457,0,65,0,0,100,0,0,50,0,0,100,0,75,100,0,100,0,0,0,100,100,86,99,0,100,0,100,0,0,98,9,0,100,100,60,77,0,100,100,100,100,15,0,0,0
458,75,75,0,100,100,0,0,100,20,0,100,0,100,100,0,35,50,0,100,100,0,18,59,0,100,0,0,0,0,83,24,13,50,48,0,100,24,100,100,100,88,37,100,0,0
459,0,75,0,0,100,0,0,100,20,0,100,35,75,100,0,100,35,0,0,0,0,0,0,0,0,0,0,0,0,0,0,0,0,0,0,0,0,0,0,0,0,0,0,0,0
460,100,65,100,100,100,100,75,100,100,0,100,0,100,100,0,100,100,0,100,0,0,0,0,0,0,0,0,0,0,0,0,0,0,0,0,0,0,0,0,0,0,0,0,0,0
461,50,75,0,0,100,0,0,100,20,0,100,0,75,100,0,100,0,0,0,100,100,9,30,0,0,0,100,0,0,87,8,100,67,58,10,100,100,100,100,100,97,98,100,0,100
462,100,50,35,100,100,0,0,100,50,0,100,100,75,100,0,100,100,50,0,100,100,100,100,0,0,0,0,0,0,100,82,100,100,75,75,100,100,100,100,100,100,100,100,0,100
463,0,65,65,0,100,50,0,100,65,0,100,0,75,100,100,100,20,0,0,0,0,0,0,0,0,0,0,0,0,0,0,0,0,0,0,0,0,0,0,0,0,0,0,0,0
464,100,75,50,100,100,0,0,100,35,0,100,100,75,100,0,100,100,100,0,0,0,0,0,0,0,0,0,0,0,0,0,0,0,0,0,0,0,0,0,0,0,0,0,0,0
465,0,0,100,100,100,100,100,50,100,0,100,0,35,100,0,100,100,0,100,100,100,24,71,0,0,0,100,0,0,81,37,100,60,42,32,18,0,100,100,100,100,4,100,0,0
466,0,75,0,0,100,20,0,50,20,0,100,100,75,100,0,100,20,0,0,100,100,4,21,0,0,0,100,0,0,99,1,50,40,50,0,100,40,100,100,100,78,64,100,0,0
467,0,75,20,0,100,0,0,100,35,0,100,0,100,100,100,100,35,0,0,100,100,11,37,0,0,0,0,0,0,43,10,100,48,74,18,100,58,58,68,100,88,98,100,0,100
468,100,75,65,0,100,0,0,100,35,0,100,0,100,100,0,100,0,0,0,100,100,98,97,0,0,0,100,0,0,100,57,100,100,100,40,100,88,100,90,100,100,100,100,0,0
469,75,75,0,35,100,0,0,100,20,0,100,0,0,100,0,100,0,0,0,100,0,62,86,0,100,0,100,0,0,92,27,100,75,67,25,100,100,100,100,100,100,100,100,0,100
470,100,75,65,0,100,0,20,100,65,0,100,100,35,100,0,100,75,0,0,100,100,81,95,0,100,0,100,0,0,100,85,86,86,86,64,100,35,100,100,100,100,99,100,0,0
471,50,75,100,0,100,50,75,100,75,0,100,100,35,100,0,100,100,0,0,100,0,0,6,0,0,0,100,0,0,51,30,42,0,58,0,80,0,43,0,100,100,22,100,0,0
472,0,20,0,0,100,0,0,100,35,0,100,20,0,100,0,35,35,0,0,100,100,88,92,0,0,0,0,0,0,100,89,100,100,67,41,100,50,100,100,100,100,100,100,0,100
473,0,75,0,100,100,0,0,100,20,0,100,0,0,100,0,100,35,0,0,100,0,18,79,0,100,0,100,0,0,79,0,100,100,100,81,53,0,100,100,100,100,76,100,0,0
474,0,75,0,0,100,0,0,100,20,0,100,0,0,100,0,100,35,0,0,100,100,89,99,0,100,0,100,0,0,98,54,88,100,100,67,45,36,67,100,100,100,100,100,0,100
475,35,75,0,100,100,0,0,50,35,0,100,35,0,100,0,100,75,0,0,100,100,28,68,0,0,0,100,0,0,99,25,100,100,49,19,88,49,100,100,100,88,100,100,0,0
476,0,75,0,0,100,0,0,50,0,0,100,0,0,100,0,100,0,0,0,100,100,49,73,0,100,0,100,0,0,74,5,100,100,58,75,88,44,100,100,100,100,98,100,0,0
477,20,75,0,0,100,0,0,50,20,0,100,0,100,100,0,100,0,0,0,0,100,100,100,100,0,0,0,0,0,100,76,100,100,100,100,100,31,100,50,100,100,100,100,0,100
478,50,75,0,0,100,75,0,100,35,0,100,0,100,100,0,100,100,50,100,100,100,0,7,0,0,0,100,0,0,21,0,46,0,49,0,67,0,48,100,100,91,6,0,0,0
479,75,75,0,0,100,100,0,100,20,0,100,0,75,100,0,100,35,0,0,0,0,0,0,0,0,0,0,0,0,0,0,0,0,0,0,0,0,0,0,0,0,0,0,0,0
480,75,75,0,100,100,50,0,100,75,0,100,35,35,100,0,100,35,0,100,0,100,100,100,100,0,0,0,0,0,100,100,100,100,100,100,100,100,100,100,100,100,100,100,0,100
481,75,75,0,100,100,100,0,100,75,0,100,0,35,100,0,100,100,75,100,0,0,57,78,0,0,0,0,0,0,76,53,100,100,100,67,100,100,66,67,100,100,100,0,0,100
482,0,75,100,100,100,100,100,100,100,100,100,0,100,100,0,100,100,0,100,0,100,66,74,0,0,0,0,0,0,100,26,100,100,100,50,63,55,100,56,100,100,100,0,0,100
483,100,75,75,100,100,100,100,100,100,50,100,100,75,100,0,100,75,100,100,0,0,50,78,100,0,0,100,0,0,99,9,45,100,100,2,67,45,100,100,100,100,99,100,0,0
484,0,75,100,35,100,100,100,100,100,100,100,0,100,100,0,100,100,0,100,100,0,93,90,100,100,0,0,0,0,100,92,100,88,100,75,100,100,100,100,100,100,100,100,0,100
485,0,75,35,20,100,0,0,100,65,0,100,20,75,100,0,35,35,0,0,0,0,0,0,0,0,0,0,0,0,0,0,0,0,0,0,0,0,0,0,0,0,0,0,0,0
486,0,75,0,100,100,100,20,100,50,0,100,35,100,100,0,100,100,0,100,0,0,0,0,0,0,0,0,0,0,0,0,0,0,0,0,0,0,0,0,0,0,0,0,0,0
487,50,75,50,100,100,50,0,100,75,0,100,35,75,100,0,100,50,0,100,0,100,100,100,100,0,0,0,0,0,96,98,100,100,100,100,100,100,100,100,100,100,100,100,0,100
488,75,75,0,35,100,100,0,100,50,0,100,0,0,100,0,100,75,0,100,0,100,98,96,100,100,0,0,0,0,100,89,100,100,100,73,88,67,88,58,100,100,100,0,0,100
489,0,0,50,20,100,50,0,50,75,0,100,0,75,100,0,100,100,0,100,0,100,97,97,100,100,0,0,0,0,100,48,100,100,100,68,100,100,80,75,100,100,100,0,0,100
490,75,20,0,100,100,100,0,100,65,0,100,0,0,100,0,100,100,0,100,0,0,100,100,100,100,0,0,0,0,100,100,100,100,100,100,100,100,100,100,100,100,100,100,0,100
491,0,65,20,20,0,100,0,100,35,0,100,0,75,100,0,100,35,50,100,0,100,45,92,100,100,0,0,0,0,91,0,100,100,88,20,39,0,100,6,100,100,92,0,0,100
492,100,75,100,100,100,100,100,100,100,100,100,0,100,100,0,100,100,0,100,100,100,22,42,0,0,0,100,0,0,100,10,7,100,100,0,0,0,100,100,100,100,13,100,0,0
493,75,65,20,100,100,75,0,50,65,0,100,0,0,100,0,100,100,0,100,100,100,96,96,100,100,0,0,0,0,0,92,100,100,100,46,100,100,100,100,100,100,100,100,0,100
494,0,75,100,100,100,100,100,100,100,100,100,0,100,100,0,100,100,100,100,0,100,99,99,100,100,0,0,0,0,100,93,100,100,100,71,100,100,100,100,100,100,100,100,0,100
495,0,0,100,100,100,100,100,100,100,100,100,0,75,100,0,100,100,0,100,0,100,99,99,100,100,0,0,0,0,100,93,100,100,100,62,100,100,100,100,100,100,100,100,0,100
496,0,75,0,0,100,50,20,100,20,0,100,0,75,100,0,100,20,0,100,100,100,2,14,0,0,0,100,0,0,100,0,0,100,100,14,0,0,100,0,100,100,2,100,0,100
497,0,75,100,100,100,100,100,50,75,100,100,0,100,100,0,100,100,100,100,100,100,100,100,100,0,0,100,0,0,100,94,100,100,100,100,100,100,100,52,100,100,100,100,0,100
498,0,75,50,100,100,75,0,100,75,0,100,35,75,100,0,100,75,0,100,0,100,95,91,100,100,0,0,0,0,100,100,100,100,100,64,100,100,100,100,100,100,100,0,0,100
499,100,75,100,100,100,100,75,100,100,50,100,100,75,100,0,100,100,0,100,0,0,0,0,0,0,0,0,0,0,0,0,0,0,0,0,0,0,0,0,0,0,0,0,0,0
500,75,65,0,100,100,75,0,50,65,0,100,0,0,100,0,100,100,0,100,100,100,100,100,100,0,0,0,0,0,100,100,100,100,100,100,100,100,100,100,100,100,100,100,0,100
501,0,75,75,0,0,50,0,100,35,0,100,35,100,100,0,100,75,0,0,100,100,88,100,0,100,0,0,0,0,100,66,100,100,100,100,88,75,88,94,100,100,100,100,0,100
502,50,75,50,0,100,20,0,100,35,0,100,35,100,100,0,100,50,0,0,100,100,45,87,0,100,0,100,0,0,68,17,100,27,58,27,46,12,32,23,100,84,99,100,0,0
503,50,65,0,0,100,0,0,50,0,0,100,100,0,100,0,100,0,0,0,0,0,0,0,0,0,0,0,0,0,0,0,0,0,0,0,0,0,0,0,0,0,0,0,0,0
504,50,50,0,0,100,0,0,0,0,0,100,0,0,100,0,100,0,0,0,0,0,0,0,0,0,0,0,0,0,0,0,0,0,0,0,0,0,0,0,0,0,0,0,0,0
505,100,75,65,100,100,75,50,100,100,0,100,100,100,100,0,100,100,100,100,0,0,0,0,0,0,0,0,0,0,0,0,0,0,0,0,0,0,0,0,0,0,0,0,0,0
506,100,75,0,20,100,20,50,100,35,0,100,0,75,100,0,20,50,0,0,0,0,0,0,0,0,0,0,0,0,0,0,0,0,0,0,0,0,0,0,0,0,0,0,0,0
507,75,75,0,20,100,0,0,50,0,0,100,0,35,100,0,35,0,50,0,0,0,0,0,0,0,0,0,0,0,0,0,0,0,0,0,0,0,0,0,0,0,0,0,0,0
508,0,65,35,0,100,0,0,100,35,0,100,0,75,100,0,100,0,75,0,0,0,0,0,0,0,0,0,0,0,0,0,0,0,0,0,0,0,0,0,0,0,0,0,0,0
509,100,75,50,35,100,50,0,100,50,0,100,0,75,100,0,100,0,0,50,0,0,0,0,0,0,0,0,0,0,0,0,0,0,0,0,0,0,0,0,0,0,0,0,0,0
510,0,0,75,100,100,100,100,100,75,50,100,0,0,100,0,100,35,0,50,100,100,100,100,0,100,0,0,0,0,100,66,100,100,100,100,100,100,100,100,100,100,100,100,0,100
511,0,75,75,35,100,75,100,100,75,0,100,0,100,100,0,100,100,75,100,100,100,13,32,0,0,0,0,0,0,100,6,100,100,50,11,100,100,100,100,100,100,100,100,0,0
512,0,75,75,100,100,75,100,100,100,0,100,0,100,100,0,100,100,75,100,100,100,91,96,100,100,0,0,0,0,100,5,100,100,88,36,100,100,100,100,100,100,100,100,0,100
513,0,75,75,0,100,75,100,100,75,0,100,0,100,100,0,100,100,75,100,100,100,71,88,100,100,0,0,0,0,100,3,100,100,88,36,100,100,100,100,100,100,100,100,0,100
514,0,75,75,100,100,75,100,100,100,0,100,0,100,100,0,100,100,75,100,100,100,97,98,100,100,0,0,0,0,100,7,100,100,88,36,100,100,100,100,100,100,100,100,0,100
515,0,75,75,100,100,75,100,100,100,0,100,0,100,100,0,100,100,75,100,100,100,77,86,100,100,0,0,0,0,100,7,100,100,100,36,100,100,100,100,100,100,100,100,0,100
516,0,65,65,0,0,20,0,100,35,0,100,35,100,100,0,100,75,0,0,100,100,92,99,0,100,0,100,0,0,67,17,100,67,67,43,45,8,50,48,100,100,98,100,0,0
517,75,75,50,0,100,0,0,100,50,0,100,20,100,100,0,100,50,0,0,100,100,3,18,100,100,0,100,0,0,24,96,87,87,100,67,100,100,100,72,100,100,100,0,0,100